round,price_basis,group,measure,quantile_type,quantile_number,weighted_mean_wealth,
5,Nominal,Owner,Total wealth,decile,1,152664.5166,
5,Nominal,Owner,Total wealth,decile,2,269863.8071,
5,Nominal,Owner,Total wealth,decile,3,376648.7632,
5,Nominal,Owner,Total wealth,decile,4,480196.6985,
5,Nominal,Owner,Total wealth,decile,5,597755.3772,
5,Nominal,Owner,Total wealth,decile,6,726283.8671,
5,Nominal,Owner,Total wealth,decile,7,913627.2618,
5,Nominal,Owner,Total wealth,decile,8,1135105.48,
5,Nominal,Owner,Total wealth,decile,9,1518992.65,
5,Nominal,Owner,Total wealth,decile,10,3427314.514,
5,Nominal,Owner,Total wealth,quintile,1,211541.1294,
5,Nominal,Owner,Total wealth,quintile,2,428678.3979,
5,Nominal,Owner,Total wealth,quintile,3,662359.4722,
5,Nominal,Owner,Total wealth,quintile,4,1024427.321,
5,Nominal,Owner,Total wealth,quintile,5,2480779.756,
5,Nominal,Owner,Total wealth excl private pension,decile,1,116215.6247,
5,Nominal,Owner,Total wealth excl private pension,decile,2,179505.9909,
5,Nominal,Owner,Total wealth excl private pension,decile,3,227159.1618,
5,Nominal,Owner,Total wealth excl private pension,decile,4,281533.6837,
5,Nominal,Owner,Total wealth excl private pension,decile,5,333040.1396,
5,Nominal,Owner,Total wealth excl private pension,decile,6,401725.1686,
5,Nominal,Owner,Total wealth excl private pension,decile,7,483321.2098,
5,Nominal,Owner,Total wealth excl private pension,decile,8,597274.4459,
5,Nominal,Owner,Total wealth excl private pension,decile,9,824058.0106,
5,Nominal,Owner,Total wealth excl private pension,decile,10,2342802.468,
5,Nominal,Owner,Total wealth excl private pension,quintile,1,147899.0435,
5,Nominal,Owner,Total wealth excl private pension,quintile,2,254425.7004,
5,Nominal,Owner,Total wealth excl private pension,quintile,3,367484.0557,
5,Nominal,Owner,Total wealth excl private pension,quintile,4,540673.3332,
5,Nominal,Owner,Total wealth excl private pension,quintile,5,1585052.271,
5,Nominal,Owner,Property wealth,decile,1,73707.52798,
5,Nominal,Owner,Property wealth,decile,2,115429.4976,
5,Nominal,Owner,Property wealth,decile,3,148435.0533,
5,Nominal,Owner,Property wealth,decile,4,175899.9818,
5,Nominal,Owner,Property wealth,decile,5,209589.6846,
5,Nominal,Owner,Property wealth,decile,6,249067.8837,
5,Nominal,Owner,Property wealth,decile,7,303760.4286,
5,Nominal,Owner,Property wealth,decile,8,381507.3958,
5,Nominal,Owner,Property wealth,decile,9,512602.8827,
5,Nominal,Owner,Property wealth,decile,10,1235121.546,
5,Nominal,Owner,Property wealth,quintile,1,94561.45876,
5,Nominal,Owner,Property wealth,quintile,2,162169.8645,
5,Nominal,Owner,Property wealth,quintile,3,229319.2449,
5,Nominal,Owner,Property wealth,quintile,4,342624.3554,
5,Nominal,Owner,Property wealth,quintile,5,873899.6513,
5,Nominal,Owner,Financial wealth,decile,1,760.445719,
5,Nominal,Owner,Financial wealth,decile,2,4467.671019,
5,Nominal,Owner,Financial wealth,decile,3,11656.94716,
5,Nominal,Owner,Financial wealth,decile,4,22432.46985,
5,Nominal,Owner,Financial wealth,decile,5,37328.99767,
5,Nominal,Owner,Financial wealth,decile,6,59456.59891,
5,Nominal,Owner,Financial wealth,decile,7,91688.08591,
5,Nominal,Owner,Financial wealth,decile,8,134434.8771,
5,Nominal,Owner,Financial wealth,decile,9,216946.0318,
5,Nominal,Owner,Financial wealth,decile,10,1131104.388,
5,Nominal,Owner,Financial wealth,quintile,1,2614.131105,
5,Nominal,Owner,Financial wealth,quintile,2,17038.93279,
5,Nominal,Owner,Financial wealth,quintile,3,48362.62487,
5,Nominal,Owner,Financial wealth,quintile,4,112996.7829,
5,Nominal,Owner,Financial wealth,quintile,5,673424.4126,
5,Nominal,Owner,Private pension wealth,decile,1,106.6017248,
5,Nominal,Owner,Private pension wealth,decile,2,25337.66917,
5,Nominal,Owner,Private pension wealth,decile,3,79765.35062,
5,Nominal,Owner,Private pension wealth,decile,4,140035.1283,
5,Nominal,Owner,Private pension wealth,decile,5,207982.4609,
5,Nominal,Owner,Private pension wealth,decile,6,291444.1145,
5,Nominal,Owner,Private pension wealth,decile,7,394010.1737,
5,Nominal,Owner,Private pension wealth,decile,8,532958.9963,
5,Nominal,Owner,Private pension wealth,decile,9,732830.8849,
5,Nominal,Owner,Private pension wealth,decile,10,1411070.715,
5,Nominal,Owner,Private pension wealth,quintile,1,12871.26156,
5,Nominal,Owner,Private pension wealth,quintile,2,109849.8103,
5,Nominal,Owner,Private pension wealth,quintile,3,249714.7884,
5,Nominal,Owner,Private pension wealth,quintile,4,463405.3381,
5,Nominal,Owner,Private pension wealth,quintile,5,1073996.805,
5,Nominal,Owner,Physical wealth,decile,1,14044.16023,
5,Nominal,Owner,Physical wealth,decile,2,27228.7383,
5,Nominal,Owner,Physical wealth,decile,3,36279.72979,
5,Nominal,Owner,Physical wealth,decile,4,44354.07635,
5,Nominal,Owner,Physical wealth,decile,5,51408.70118,
5,Nominal,Owner,Physical wealth,decile,6,62355.03584,
5,Nominal,Owner,Physical wealth,decile,7,69560.88701,
5,Nominal,Owner,Physical wealth,decile,8,81846.75084,
5,Nominal,Owner,Physical wealth,decile,9,101629.8427,
5,Nominal,Owner,Physical wealth,decile,10,204431.1584,
5,Nominal,Owner,Physical wealth,quintile,1,20651.89976,
5,Nominal,Owner,Physical wealth,quintile,2,40322.85452,
5,Nominal,Owner,Physical wealth,quintile,3,56893.11437,
5,Nominal,Owner,Physical wealth,quintile,4,75684.98166,
5,Nominal,Owner,Physical wealth,quintile,5,153019.9748,
5,Real terms (March 2022 prices),Owner,Total wealth,decile,1,177145.5795,
5,Real terms (March 2022 prices),Owner,Total wealth,decile,2,313138.7801,
5,Real terms (March 2022 prices),Owner,Total wealth,decile,3,437047.6187,
5,Real terms (March 2022 prices),Owner,Total wealth,decile,4,557200.3524,
5,Real terms (March 2022 prices),Owner,Total wealth,decile,5,693610.5722,
5,Real terms (March 2022 prices),Owner,Total wealth,decile,6,842749.7064,
5,Real terms (March 2022 prices),Owner,Total wealth,decile,7,1060135.219,
5,Real terms (March 2022 prices),Owner,Total wealth,decile,8,1317129.366,
5,Real terms (March 2022 prices),Owner,Total wealth,decile,9,1762576.133,
5,Real terms (March 2022 prices),Owner,Total wealth,decile,10,3976913.754,
5,Real terms (March 2022 prices),Owner,Total wealth,quintile,1,245463.5615,
5,Real terms (March 2022 prices),Owner,Total wealth,quintile,2,497420.6509,
5,Real terms (March 2022 prices),Owner,Total wealth,quintile,3,768574.4872,
5,Real terms (March 2022 prices),Owner,Total wealth,quintile,4,1188703.016,
5,Real terms (March 2022 prices),Owner,Total wealth,quintile,5,2878594.039,
5,Real terms (March 2022 prices),Owner,Total wealth excl private pension,decile,1,134851.7956,
5,Real terms (March 2022 prices),Owner,Total wealth excl private pension,decile,2,208291.3141,
5,Real terms (March 2022 prices),Owner,Total wealth excl private pension,decile,3,263586.0792,
5,Real terms (March 2022 prices),Owner,Total wealth excl private pension,decile,4,326680.0214,
5,Real terms (March 2022 prices),Owner,Total wealth excl private pension,decile,5,386445.9787,
5,Real terms (March 2022 prices),Owner,Total wealth excl private pension,decile,6,466145.2404,
5,Real terms (March 2022 prices),Owner,Total wealth excl private pension,decile,7,560825.9058,
5,Real terms (March 2022 prices),Owner,Total wealth excl private pension,decile,8,693052.5193,
5,Real terms (March 2022 prices),Owner,Total wealth excl private pension,decile,9,956202.7712,
5,Real terms (March 2022 prices),Owner,Total wealth excl private pension,decile,10,2718490.911,
5,Real terms (March 2022 prices),Owner,Total wealth excl private pension,quintile,1,171615.922,
5,Real terms (March 2022 prices),Owner,Total wealth excl private pension,quintile,2,295225.0408,
5,Real terms (March 2022 prices),Owner,Total wealth excl private pension,quintile,3,426413.2718,
5,Real terms (March 2022 prices),Owner,Total wealth excl private pension,quintile,4,627374.9335,
5,Real terms (March 2022 prices),Owner,Total wealth excl private pension,quintile,5,1839228.98,
5,Real terms (March 2022 prices),Owner,Property wealth,decile,1,85527.16146,
5,Real terms (March 2022 prices),Owner,Property wealth,decile,2,133939.6062,
5,Real terms (March 2022 prices),Owner,Property wealth,decile,3,172237.8855,
5,Real terms (March 2022 prices),Owner,Property wealth,decile,4,204107.0506,
5,Real terms (March 2022 prices),Owner,Property wealth,decile,5,243199.1858,
5,Real terms (March 2022 prices),Owner,Property wealth,decile,6,289008.0523,
5,Real terms (March 2022 prices),Owner,Property wealth,decile,7,352471.0152,
5,Real terms (March 2022 prices),Owner,Property wealth,decile,8,442685.3746,
5,Real terms (March 2022 prices),Owner,Property wealth,decile,9,594803.1458,
5,Real terms (March 2022 prices),Owner,Property wealth,decile,10,1433183.866,
5,Real terms (March 2022 prices),Owner,Property wealth,quintile,1,109725.1987,
5,Real terms (March 2022 prices),Owner,Property wealth,quintile,2,188175.1914,
5,Real terms (March 2022 prices),Owner,Property wealth,quintile,3,266092.5501,
5,Real terms (March 2022 prices),Owner,Property wealth,quintile,4,397567.1056,
5,Real terms (March 2022 prices),Owner,Property wealth,quintile,5,1014036.946,
5,Real terms (March 2022 prices),Owner,Financial wealth,decile,1,882.3897039,
5,Real terms (March 2022 prices),Owner,Financial wealth,decile,2,5184.100336,
5,Real terms (March 2022 prices),Owner,Financial wealth,decile,3,13526.23849,
5,Real terms (March 2022 prices),Owner,Financial wealth,decile,4,26029.70854,
5,Real terms (March 2022 prices),Owner,Financial wealth,decile,5,43315.0222,
5,Real terms (March 2022 prices),Owner,Financial wealth,decile,6,68990.97384,
5,Real terms (March 2022 prices),Owner,Financial wealth,decile,7,106391.0559,
5,Real terms (March 2022 prices),Owner,Financial wealth,decile,8,155992.6612,
5,Real terms (March 2022 prices),Owner,Financial wealth,decile,9,251735.1863,
5,Real terms (March 2022 prices),Owner,Financial wealth,decile,10,1312486.665,
5,Real terms (March 2022 prices),Owner,Financial wealth,quintile,1,3033.32942,
5,Real terms (March 2022 prices),Owner,Financial wealth,quintile,2,19771.27162,
5,Real terms (March 2022 prices),Owner,Financial wealth,quintile,3,56117.98602,
5,Real terms (March 2022 prices),Owner,Financial wealth,quintile,4,131116.7849,
5,Real terms (March 2022 prices),Owner,Financial wealth,quintile,5,781413.7856,
5,Real terms (March 2022 prices),Owner,Private pension wealth,decile,1,123.6962245,
5,Real terms (March 2022 prices),Owner,Private pension wealth,decile,2,29400.78146,
5,Real terms (March 2022 prices),Owner,Private pension wealth,decile,3,92556.40784,
5,Real terms (March 2022 prices),Owner,Private pension wealth,decile,4,162490.9606,
5,Real terms (March 2022 prices),Owner,Private pension wealth,decile,5,241334.23,
5,Real terms (March 2022 prices),Owner,Private pension wealth,decile,6,338179.6747,
5,Real terms (March 2022 prices),Owner,Private pension wealth,decile,7,457193.08,
5,Real terms (March 2022 prices),Owner,Private pension wealth,decile,8,618423.5366,
5,Real terms (March 2022 prices),Owner,Private pension wealth,decile,9,850346.5945,
5,Real terms (March 2022 prices),Owner,Private pension wealth,decile,10,1637347.991,
5,Real terms (March 2022 prices),Owner,Private pension wealth,quintile,1,14935.2786,
5,Real terms (March 2022 prices),Owner,Private pension wealth,quintile,2,127465.1683,
5,Real terms (March 2022 prices),Owner,Private pension wealth,quintile,3,289758.6938,
5,Real terms (March 2022 prices),Owner,Private pension wealth,quintile,4,537716.3534,
5,Real terms (March 2022 prices),Owner,Private pension wealth,quintile,5,1246221.392,
5,Real terms (March 2022 prices),Owner,Physical wealth,decile,1,16296.26162,
5,Real terms (March 2022 prices),Owner,Physical wealth,decile,2,31595.09972,
5,Real terms (March 2022 prices),Owner,Physical wealth,decile,3,42097.49522,
5,Real terms (March 2022 prices),Owner,Physical wealth,decile,4,51466.63242,
5,Real terms (March 2022 prices),Owner,Physical wealth,decile,5,59652.52676,
5,Real terms (March 2022 prices),Owner,Physical wealth,decile,6,72354.19995,
5,Real terms (March 2022 prices),Owner,Physical wealth,decile,7,80715.57108,
5,Real terms (March 2022 prices),Owner,Physical wealth,decile,8,94971.57841,
5,Real terms (March 2022 prices),Owner,Physical wealth,decile,9,117927.0585,
5,Real terms (March 2022 prices),Owner,Physical wealth,decile,10,237213.4458,
5,Real terms (March 2022 prices),Owner,Physical wealth,quintile,1,23963.60878,
5,Real terms (March 2022 prices),Owner,Physical wealth,quintile,2,46788.96964,
5,Real terms (March 2022 prices),Owner,Physical wealth,quintile,3,66016.41259,
5,Real terms (March 2022 prices),Owner,Physical wealth,quintile,4,87821.71677,
5,Real terms (March 2022 prices),Owner,Physical wealth,quintile,5,177558.0385,
5,Nominal,Renter,Total wealth,decile,1,1435.228826,
5,Nominal,Renter,Total wealth,decile,2,7709.136138,
5,Nominal,Renter,Total wealth,decile,3,14020.42578,
5,Nominal,Renter,Total wealth,decile,4,22787.32033,
5,Nominal,Renter,Total wealth,decile,5,34326.28748,
5,Nominal,Renter,Total wealth,decile,6,48783.16118,
5,Nominal,Renter,Total wealth,decile,7,72906.41725,
5,Nominal,Renter,Total wealth,decile,8,121944.1375,
5,Nominal,Renter,Total wealth,decile,9,197034.3912,
5,Nominal,Renter,Total wealth,decile,10,511360.0245,
5,Nominal,Renter,Total wealth,quintile,1,4614.0553,
5,Nominal,Renter,Total wealth,quintile,2,18410.81698,
5,Nominal,Renter,Total wealth,quintile,3,41252.79962,
5,Nominal,Renter,Total wealth,quintile,4,96139.06009,
5,Nominal,Renter,Total wealth,quintile,5,353842.9632,
5,Nominal,Renter,Total wealth excl private pension,decile,1,-128.6751374,
5,Nominal,Renter,Total wealth excl private pension,decile,2,5450.911043,
5,Nominal,Renter,Total wealth excl private pension,decile,3,8489.940966,
5,Nominal,Renter,Total wealth excl private pension,decile,4,13909.27175,
5,Nominal,Renter,Total wealth excl private pension,decile,5,17796.14766,
5,Nominal,Renter,Total wealth excl private pension,decile,6,24800.3842,
5,Nominal,Renter,Total wealth excl private pension,decile,7,31279.27767,
5,Nominal,Renter,Total wealth excl private pension,decile,8,42189.95437,
5,Nominal,Renter,Total wealth excl private pension,decile,9,58131.62662,
5,Nominal,Renter,Total wealth excl private pension,decile,10,178003.5885,
5,Nominal,Renter,Total wealth excl private pension,quintile,1,2656.770622,
5,Nominal,Renter,Total wealth excl private pension,quintile,2,11194.06615,
5,Nominal,Renter,Total wealth excl private pension,quintile,3,21327.66489,
5,Nominal,Renter,Total wealth excl private pension,quintile,4,36693.72408,
5,Nominal,Renter,Total wealth excl private pension,quintile,5,117855.0456,
5,Nominal,Renter,Property wealth,decile,1,0,
5,Nominal,Renter,Property wealth,decile,2,0,
5,Nominal,Renter,Property wealth,decile,3,0,
5,Nominal,Renter,Property wealth,decile,4,0,
5,Nominal,Renter,Property wealth,decile,5,0,
5,Nominal,Renter,Property wealth,decile,6,0,
5,Nominal,Renter,Property wealth,decile,7,0,
5,Nominal,Renter,Property wealth,decile,8,0,
5,Nominal,Renter,Property wealth,decile,9,0,
5,Nominal,Renter,Property wealth,decile,10,46494.2683,
5,Nominal,Renter,Property wealth,quintile,1,0,
5,Nominal,Renter,Property wealth,quintile,2,0,
5,Nominal,Renter,Property wealth,quintile,3,0,
5,Nominal,Renter,Property wealth,quintile,4,0,
5,Nominal,Renter,Property wealth,quintile,5,23298.72696,
5,Nominal,Renter,Financial wealth,decile,1,1.006726585,
5,Nominal,Renter,Financial wealth,decile,2,52.51022346,
5,Nominal,Renter,Financial wealth,decile,3,178.8319497,
5,Nominal,Renter,Financial wealth,decile,4,369.4987142,
5,Nominal,Renter,Financial wealth,decile,5,762.9032345,
5,Nominal,Renter,Financial wealth,decile,6,1535.518101,
5,Nominal,Renter,Financial wealth,decile,7,3084.781052,
5,Nominal,Renter,Financial wealth,decile,8,6781.38299,
5,Nominal,Renter,Financial wealth,decile,9,15818.16456,
5,Nominal,Renter,Financial wealth,decile,10,83944.6484,
5,Nominal,Renter,Financial wealth,quintile,1,27.2040102,
5,Nominal,Renter,Financial wealth,quintile,2,274.3001261,
5,Nominal,Renter,Financial wealth,quintile,3,1147.379963,
5,Nominal,Renter,Financial wealth,quintile,4,4950.617679,
5,Nominal,Renter,Financial wealth,quintile,5,50186.22937,
5,Nominal,Renter,Private pension wealth,decile,1,0,
5,Nominal,Renter,Private pension wealth,decile,2,0,
5,Nominal,Renter,Private pension wealth,decile,3,0,
5,Nominal,Renter,Private pension wealth,decile,4,0,
5,Nominal,Renter,Private pension wealth,decile,5,15.78586978,
5,Nominal,Renter,Private pension wealth,decile,6,9443.652381,
5,Nominal,Renter,Private pension wealth,decile,7,38802.65732,
5,Nominal,Renter,Private pension wealth,decile,8,74374.15598,
5,Nominal,Renter,Private pension wealth,decile,9,146124.753,
5,Nominal,Renter,Private pension wealth,decile,10,383932.0803,
5,Nominal,Renter,Private pension wealth,quintile,1,0,
5,Nominal,Renter,Private pension wealth,quintile,2,0,
5,Nominal,Renter,Private pension wealth,quintile,3,4778.014898,
5,Nominal,Renter,Private pension wealth,quintile,4,56596.78933,
5,Nominal,Renter,Private pension wealth,quintile,5,266360.8003,
5,Nominal,Renter,Physical wealth,decile,1,2500,
5,Nominal,Renter,Physical wealth,decile,2,5520.858094,
5,Nominal,Renter,Physical wealth,decile,3,7519.609093,
5,Nominal,Renter,Physical wealth,decile,4,11957.33406,
5,Nominal,Renter,Physical wealth,decile,5,15117.70387,
5,Nominal,Renter,Physical wealth,decile,6,19271.56277,
5,Nominal,Renter,Physical wealth,decile,7,25399.90026,
5,Nominal,Renter,Physical wealth,decile,8,32270.58148,
5,Nominal,Renter,Physical wealth,decile,9,41448.32321,
5,Nominal,Renter,Physical wealth,decile,10,72666.32283,
5,Nominal,Renter,Physical wealth,quintile,1,3997.859842,
5,Nominal,Renter,Physical wealth,quintile,2,9732.539847,
5,Nominal,Renter,Physical wealth,quintile,3,17174.11155,
5,Nominal,Renter,Physical wealth,quintile,4,28814.00803,
5,Nominal,Renter,Physical wealth,quintile,5,56990.48613,
5,Real terms (March 2022 prices),Renter,Total wealth,decile,1,1665.380062,
5,Real terms (March 2022 prices),Renter,Total wealth,decile,2,8945.362152,
5,Real terms (March 2022 prices),Renter,Total wealth,decile,3,16268.72115,
5,Real terms (March 2022 prices),Renter,Total wealth,decile,4,26441.46234,
5,Real terms (March 2022 prices),Renter,Total wealth,decile,5,39830.80171,
5,Real terms (March 2022 prices),Renter,Total wealth,decile,6,56605.95893,
5,Real terms (March 2022 prices),Renter,Total wealth,decile,7,84597.58575,
5,Real terms (March 2022 prices),Renter,Total wealth,decile,8,141498.9245,
5,Real terms (March 2022 prices),Renter,Total wealth,decile,9,228630.5436,
5,Real terms (March 2022 prices),Renter,Total wealth,decile,10,593360.9846,
5,Real terms (March 2022 prices),Renter,Total wealth,quintile,1,5353.95859,
5,Real terms (March 2022 prices),Renter,Total wealth,quintile,2,21363.14918,
5,Real terms (March 2022 prices),Renter,Total wealth,quintile,3,47868.0394,
5,Real terms (March 2022 prices),Renter,Total wealth,quintile,4,111555.7819,
5,Real terms (March 2022 prices),Renter,Total wealth,quintile,5,410584.7133,
5,Real terms (March 2022 prices),Renter,Total wealth excl private pension,decile,1,-149.3092979,
5,Real terms (March 2022 prices),Renter,Total wealth excl private pension,decile,2,6325.011319,
5,Real terms (March 2022 prices),Renter,Total wealth excl private pension,decile,3,9851.375722,
5,Real terms (March 2022 prices),Renter,Total wealth excl private pension,decile,4,16139.74262,
5,Real terms (March 2022 prices),Renter,Total wealth excl private pension,decile,5,20649.91237,
5,Real terms (March 2022 prices),Renter,Total wealth excl private pension,decile,6,28777.33824,
5,Real terms (March 2022 prices),Renter,Total wealth excl private pension,decile,7,36295.17778,
5,Real terms (March 2022 prices),Renter,Total wealth excl private pension,decile,8,48955.47495,
5,Real terms (March 2022 prices),Renter,Total wealth excl private pension,decile,9,67453.53088,
5,Real terms (March 2022 prices),Renter,Total wealth excl private pension,decile,10,206547.9887,
5,Real terms (March 2022 prices),Renter,Total wealth excl private pension,quintile,1,3082.806548,
5,Real terms (March 2022 prices),Renter,Total wealth excl private pension,quintile,2,12989.13054,
5,Real terms (March 2022 prices),Renter,Total wealth excl private pension,quintile,3,24747.73864,
5,Real terms (March 2022 prices),Renter,Total wealth excl private pension,quintile,4,42577.87704,
5,Real terms (March 2022 prices),Renter,Total wealth excl private pension,quintile,5,136754.1117,
5,Real terms (March 2022 prices),Renter,Property wealth,decile,1,0,
5,Real terms (March 2022 prices),Renter,Property wealth,decile,2,0,
5,Real terms (March 2022 prices),Renter,Property wealth,decile,3,0,
5,Real terms (March 2022 prices),Renter,Property wealth,decile,4,0,
5,Real terms (March 2022 prices),Renter,Property wealth,decile,5,0,
5,Real terms (March 2022 prices),Renter,Property wealth,decile,6,0,
5,Real terms (March 2022 prices),Renter,Property wealth,decile,7,0,
5,Real terms (March 2022 prices),Renter,Property wealth,decile,8,0,
5,Real terms (March 2022 prices),Renter,Property wealth,decile,9,0,
5,Real terms (March 2022 prices),Renter,Property wealth,decile,10,53950.02248,
5,Real terms (March 2022 prices),Renter,Property wealth,quintile,1,0,
5,Real terms (March 2022 prices),Renter,Property wealth,quintile,2,0,
5,Real terms (March 2022 prices),Renter,Property wealth,quintile,3,0,
5,Real terms (March 2022 prices),Renter,Property wealth,quintile,4,0,
5,Real terms (March 2022 prices),Renter,Property wealth,quintile,5,27034.8774,
5,Real terms (March 2022 prices),Renter,Financial wealth,decile,1,1.168163817,
5,Real terms (March 2022 prices),Renter,Financial wealth,decile,2,60.93068758,
5,Real terms (March 2022 prices),Renter,Financial wealth,decile,3,207.5091847,
5,Real terms (March 2022 prices),Renter,Financial wealth,decile,4,428.7509981,
5,Real terms (March 2022 prices),Renter,Financial wealth,decile,5,885.241303,
5,Real terms (March 2022 prices),Renter,Financial wealth,decile,6,1781.751581,
5,Real terms (March 2022 prices),Renter,Financial wealth,decile,7,3579.452117,
5,Real terms (March 2022 prices),Renter,Financial wealth,decile,8,7868.83584,
5,Real terms (March 2022 prices),Renter,Financial wealth,decile,9,18354.74274,
5,Real terms (March 2022 prices),Renter,Financial wealth,decile,10,97405.89182,
5,Real terms (March 2022 prices),Renter,Financial wealth,quintile,1,31.56640626,
5,Real terms (March 2022 prices),Renter,Financial wealth,quintile,2,318.2865009,
5,Real terms (March 2022 prices),Renter,Financial wealth,quintile,3,1331.372168,
5,Real terms (March 2022 prices),Renter,Financial wealth,quintile,4,5744.491629,
5,Real terms (March 2022 prices),Renter,Financial wealth,quintile,5,58234.02114,
5,Real terms (March 2022 prices),Renter,Private pension wealth,decile,1,0,
5,Real terms (March 2022 prices),Renter,Private pension wealth,decile,2,0,
5,Real terms (March 2022 prices),Renter,Private pension wealth,decile,3,0,
5,Real terms (March 2022 prices),Renter,Private pension wealth,decile,4,0,
5,Real terms (March 2022 prices),Renter,Private pension wealth,decile,5,18.31726922,
5,Real terms (March 2022 prices),Renter,Private pension wealth,decile,6,10958.02293,
5,Real terms (March 2022 prices),Renter,Private pension wealth,decile,7,45024.99579,
5,Real terms (March 2022 prices),Renter,Private pension wealth,decile,8,86300.68896,
5,Real terms (March 2022 prices),Renter,Private pension wealth,decile,9,169557.1088,
5,Real terms (March 2022 prices),Renter,Private pension wealth,decile,10,445498.878,
5,Real terms (March 2022 prices),Renter,Private pension wealth,quintile,1,0,
5,Real terms (March 2022 prices),Renter,Private pension wealth,quintile,2,0,
5,Real terms (March 2022 prices),Renter,Private pension wealth,quintile,3,5544.210514,
5,Real terms (March 2022 prices),Renter,Private pension wealth,quintile,4,65672.56929,
5,Real terms (March 2022 prices),Renter,Private pension wealth,quintile,5,309074.0362,
5,Real terms (March 2022 prices),Renter,Physical wealth,decile,1,2900.896414,
5,Real terms (March 2022 prices),Renter,Physical wealth,decile,2,6406.17498,
5,Real terms (March 2022 prices),Renter,Physical wealth,decile,3,8725.442822,
5,Real terms (March 2022 prices),Renter,Physical wealth,decile,4,13874.795,
5,Real terms (March 2022 prices),Renter,Physical wealth,decile,5,17541.95718,
5,Real terms (March 2022 prices),Renter,Physical wealth,decile,6,22361.92294,
5,Real terms (March 2022 prices),Renter,Physical wealth,decile,7,29472.99183,
5,Real terms (March 2022 prices),Renter,Physical wealth,decile,8,37445.44565,
5,Real terms (March 2022 prices),Renter,Physical wealth,decile,9,48094.91687,
5,Real terms (March 2022 prices),Renter,Physical wealth,decile,10,84318.99014,
5,Real terms (March 2022 prices),Renter,Physical wealth,quintile,1,4638.950912,
5,Real terms (March 2022 prices),Renter,Physical wealth,quintile,2,11293.23598,
5,Real terms (March 2022 prices),Renter,Physical wealth,quintile,3,19928.12745,
5,Real terms (March 2022 prices),Renter,Physical wealth,quintile,4,33434.58104,
5,Real terms (March 2022 prices),Renter,Physical wealth,quintile,5,66129.39874,
6,Nominal,Owner,Total wealth,decile,1,174761.3674,
6,Nominal,Owner,Total wealth,decile,2,302078.5439,
6,Nominal,Owner,Total wealth,decile,3,414569.8917,
6,Nominal,Owner,Total wealth,decile,4,539162.3714,
6,Nominal,Owner,Total wealth,decile,5,670803.1249,
6,Nominal,Owner,Total wealth,decile,6,844509.6217,
6,Nominal,Owner,Total wealth,decile,7,1046839.851,
6,Nominal,Owner,Total wealth,decile,8,1283507.195,
6,Nominal,Owner,Total wealth,decile,9,1726147.501,
6,Nominal,Owner,Total wealth,decile,10,3244879.791,
6,Nominal,Owner,Total wealth,quintile,1,239397.0538,
6,Nominal,Owner,Total wealth,quintile,2,477076.6887,
6,Nominal,Owner,Total wealth,quintile,3,757567.0975,
6,Nominal,Owner,Total wealth,quintile,4,1165594.943,
6,Nominal,Owner,Total wealth,quintile,5,2485979.523,
6,Nominal,Owner,Total wealth excl private pension,decile,1,130412.7235,
6,Nominal,Owner,Total wealth excl private pension,decile,2,195537.1109,
6,Nominal,Owner,Total wealth excl private pension,decile,3,249101.3512,
6,Nominal,Owner,Total wealth excl private pension,decile,4,304900.6919,
6,Nominal,Owner,Total wealth excl private pension,decile,5,370246.0612,
6,Nominal,Owner,Total wealth excl private pension,decile,6,450998.9225,
6,Nominal,Owner,Total wealth excl private pension,decile,7,541060.8878,
6,Nominal,Owner,Total wealth excl private pension,decile,8,695056.6437,
6,Nominal,Owner,Total wealth excl private pension,decile,9,933820.3935,
6,Nominal,Owner,Total wealth excl private pension,decile,10,1986600.186,
6,Nominal,Owner,Total wealth excl private pension,quintile,1,162946.5309,
6,Nominal,Owner,Total wealth excl private pension,quintile,2,276977.8992,
6,Nominal,Owner,Total wealth excl private pension,quintile,3,410520.7907,
6,Nominal,Owner,Total wealth excl private pension,quintile,4,618150.2911,
6,Nominal,Owner,Total wealth excl private pension,quintile,5,1461427.356,
6,Nominal,Owner,Property wealth,decile,1,81845.7309,
6,Nominal,Owner,Property wealth,decile,2,127279.3301,
6,Nominal,Owner,Property wealth,decile,3,162065.9085,
6,Nominal,Owner,Property wealth,decile,4,193176.7025,
6,Nominal,Owner,Property wealth,decile,5,236504.5388,
6,Nominal,Owner,Property wealth,decile,6,288565.2717,
6,Nominal,Owner,Property wealth,decile,7,354388.2835,
6,Nominal,Owner,Property wealth,decile,8,443408.2635,
6,Nominal,Owner,Property wealth,decile,9,588370.3794,
6,Nominal,Owner,Property wealth,decile,10,1239028.166,
6,Nominal,Owner,Property wealth,quintile,1,104629.4866,
6,Nominal,Owner,Property wealth,quintile,2,177593.5434,
6,Nominal,Owner,Property wealth,quintile,3,262434.6603,
6,Nominal,Owner,Property wealth,quintile,4,398876.0786,
6,Nominal,Owner,Property wealth,quintile,5,914863.4744,
6,Nominal,Owner,Financial wealth,decile,1,1043.959657,
6,Nominal,Owner,Financial wealth,decile,2,5560.880232,
6,Nominal,Owner,Financial wealth,decile,3,12992.21234,
6,Nominal,Owner,Financial wealth,decile,4,24744.83482,
6,Nominal,Owner,Financial wealth,decile,5,41286.02717,
6,Nominal,Owner,Financial wealth,decile,6,64403.41343,
6,Nominal,Owner,Financial wealth,decile,7,100223.0562,
6,Nominal,Owner,Financial wealth,decile,8,149671.1762,
6,Nominal,Owner,Financial wealth,decile,9,256089.7562,
6,Nominal,Owner,Financial wealth,decile,10,796463.0004,
6,Nominal,Owner,Financial wealth,quintile,1,3310.245555,
6,Nominal,Owner,Financial wealth,quintile,2,18856.18182,
6,Nominal,Owner,Financial wealth,quintile,3,52808.23202,
6,Nominal,Owner,Financial wealth,quintile,4,124895.8774,
6,Nominal,Owner,Financial wealth,quintile,5,527912.6245,
6,Nominal,Owner,Private pension wealth,decile,1,0.182981549,
6,Nominal,Owner,Private pension wealth,decile,2,23284.63161,
6,Nominal,Owner,Private pension wealth,decile,3,84820.32534,
6,Nominal,Owner,Private pension wealth,decile,4,150151.482,
6,Nominal,Owner,Private pension wealth,decile,5,237657.8385,
6,Nominal,Owner,Private pension wealth,decile,6,341141.4839,
6,Nominal,Owner,Private pension wealth,decile,7,460206.3621,
6,Nominal,Owner,Private pension wealth,decile,8,601715.4502,
6,Nominal,Owner,Private pension wealth,decile,9,845554.7723,
6,Nominal,Owner,Private pension wealth,decile,10,1646203.045,
6,Nominal,Owner,Private pension wealth,quintile,1,11676.26961,
6,Nominal,Owner,Private pension wealth,quintile,2,117681.9382,
6,Nominal,Owner,Private pension wealth,quintile,3,289399.2448,
6,Nominal,Owner,Private pension wealth,quintile,4,530966.6082,
6,Nominal,Owner,Private pension wealth,quintile,5,1245047.059,
6,Nominal,Owner,Physical wealth,decile,1,14686.7971,
6,Nominal,Owner,Physical wealth,decile,2,26975.18164,
6,Nominal,Owner,Physical wealth,decile,3,36155.85518,
6,Nominal,Owner,Physical wealth,decile,4,44726.40557,
6,Nominal,Owner,Physical wealth,decile,5,53356.11476,
6,Nominal,Owner,Physical wealth,decile,6,64210.87083,
6,Nominal,Owner,Physical wealth,decile,7,71913.91603,
6,Nominal,Owner,Physical wealth,decile,8,84199.76863,
6,Nominal,Owner,Physical wealth,decile,9,102812.0599,
6,Nominal,Owner,Physical wealth,decile,10,210251.0114,
6,Nominal,Owner,Physical wealth,quintile,1,20831.34698,
6,Nominal,Owner,Physical wealth,quintile,2,40439.98137,
6,Nominal,Owner,Physical wealth,quintile,3,58763.84696,
6,Nominal,Owner,Physical wealth,quintile,4,78050.44315,
6,Nominal,Owner,Physical wealth,quintile,5,156508.3333,
6,Real terms (March 2022 prices),Owner,Total wealth,decile,1,193717.4053,
6,Real terms (March 2022 prices),Owner,Total wealth,decile,2,334844.4374,
6,Real terms (March 2022 prices),Owner,Total wealth,decile,3,459537.5107,
6,Real terms (March 2022 prices),Owner,Total wealth,decile,4,597644.3032,
6,Real terms (March 2022 prices),Owner,Total wealth,decile,5,743563.8825,
6,Real terms (March 2022 prices),Owner,Total wealth,decile,6,936111.9974,
6,Real terms (March 2022 prices),Owner,Total wealth,decile,7,1160388.608,
6,Real terms (March 2022 prices),Owner,Total wealth,decile,8,1422726.814,
6,Real terms (March 2022 prices),Owner,Total wealth,decile,9,1913379.485,
6,Real terms (March 2022 prices),Owner,Total wealth,decile,10,3596845.82,
6,Real terms (March 2022 prices),Owner,Total wealth,quintile,1,265364.0035,
6,Real terms (March 2022 prices),Owner,Total wealth,quintile,2,528824.3029,
6,Real terms (March 2022 prices),Owner,Total wealth,quintile,3,839738.9806,
6,Real terms (March 2022 prices),Owner,Total wealth,quintile,4,1292024.842,
6,Real terms (March 2022 prices),Owner,Total wealth,quintile,5,2755629.062,
6,Real terms (March 2022 prices),Owner,Total wealth excl private pension,decile,1,144558.3472,
6,Real terms (March 2022 prices),Owner,Total wealth excl private pension,decile,2,216746.6549,
6,Real terms (March 2022 prices),Owner,Total wealth excl private pension,decile,3,276120.9078,
6,Real terms (March 2022 prices),Owner,Total wealth excl private pension,decile,4,337972.6984,
6,Real terms (March 2022 prices),Owner,Total wealth excl private pension,decile,5,410405.9574,
6,Real terms (March 2022 prices),Owner,Total wealth excl private pension,decile,6,499917.9302,
6,Real terms (March 2022 prices),Owner,Total wealth excl private pension,decile,7,599748.7482,
6,Real terms (March 2022 prices),Owner,Total wealth excl private pension,decile,8,770448.135,
6,Real terms (March 2022 prices),Owner,Total wealth excl private pension,decile,9,1035110.141,
6,Real terms (March 2022 prices),Owner,Total wealth excl private pension,decile,10,2202082.984,
6,Real terms (March 2022 prices),Owner,Total wealth excl private pension,quintile,1,180621.0357,
6,Real terms (March 2022 prices),Owner,Total wealth excl private pension,quintile,2,307021.1728,
6,Real terms (March 2022 prices),Owner,Total wealth excl private pension,quintile,3,455049.2114,
6,Real terms (March 2022 prices),Owner,Total wealth excl private pension,quintile,4,685199.8945,
6,Real terms (March 2022 prices),Owner,Total wealth excl private pension,quintile,5,1619945.642,
6,Real terms (March 2022 prices),Owner,Property wealth,decile,1,90723.38392,
6,Real terms (March 2022 prices),Owner,Property wealth,decile,2,141085.0804,
6,Real terms (March 2022 prices),Owner,Property wealth,decile,3,179644.8938,
6,Real terms (March 2022 prices),Owner,Property wealth,decile,4,214130.2173,
6,Real terms (March 2022 prices),Owner,Property wealth,decile,5,262157.7428,
6,Real terms (March 2022 prices),Owner,Property wealth,decile,6,319865.4059,
6,Real terms (March 2022 prices),Owner,Property wealth,decile,7,392828.1164,
6,Real terms (March 2022 prices),Owner,Property wealth,decile,8,491503.9267,
6,Real terms (March 2022 prices),Owner,Property wealth,decile,9,652189.8116,
6,Real terms (March 2022 prices),Owner,Property wealth,decile,10,1373423.229,
6,Real terms (March 2022 prices),Owner,Property wealth,quintile,1,115978.4509,
6,Real terms (March 2022 prices),Owner,Property wealth,quintile,2,196856.7822,
6,Real terms (March 2022 prices),Owner,Property wealth,quintile,3,290900.456,
6,Real terms (March 2022 prices),Owner,Property wealth,quintile,4,442141.4192,
6,Real terms (March 2022 prices),Owner,Property wealth,quintile,5,1014097.001,
6,Real terms (March 2022 prices),Owner,Financial wealth,decile,1,1157.196004,
6,Real terms (March 2022 prices),Owner,Financial wealth,decile,2,6164.058487,
6,Real terms (March 2022 prices),Owner,Financial wealth,decile,3,14401.45326,
6,Real terms (March 2022 prices),Owner,Financial wealth,decile,4,27428.86068,
6,Real terms (March 2022 prices),Owner,Financial wealth,decile,5,45764.24515,
6,Real terms (March 2022 prices),Owner,Financial wealth,decile,6,71389.13097,
6,Real terms (March 2022 prices),Owner,Financial wealth,decile,7,111094.0632,
6,Real terms (March 2022 prices),Owner,Financial wealth,decile,8,165905.7282,
6,Real terms (March 2022 prices),Owner,Financial wealth,decile,9,283867.332,
6,Real terms (March 2022 prices),Owner,Financial wealth,decile,10,882853.8492,
6,Real terms (March 2022 prices),Owner,Financial wealth,quintile,1,3669.301686,
6,Real terms (March 2022 prices),Owner,Financial wealth,quintile,2,20901.47652,
6,Real terms (March 2022 prices),Owner,Financial wealth,quintile,3,58536.24196,
6,Real terms (March 2022 prices),Owner,Financial wealth,quintile,4,138443.0992,
6,Real terms (March 2022 prices),Owner,Financial wealth,quintile,5,585174.3174,
6,Real terms (March 2022 prices),Owner,Private pension wealth,decile,1,0.202829215,
6,Real terms (March 2022 prices),Owner,Private pension wealth,decile,2,25810.27196,
6,Real terms (March 2022 prices),Owner,Private pension wealth,decile,3,94020.62705,
6,Real terms (March 2022 prices),Owner,Private pension wealth,decile,4,166438.1318,
6,Real terms (March 2022 prices),Owner,Private pension wealth,decile,5,263436.1388,
6,Real terms (March 2022 prices),Owner,Private pension wealth,decile,6,378144.4612,
6,Real terms (March 2022 prices),Owner,Private pension wealth,decile,7,510124.0836,
6,Real terms (March 2022 prices),Owner,Private pension wealth,decile,8,666982.3972,
6,Real terms (March 2022 prices),Owner,Private pension wealth,decile,9,937270.5136,
6,Real terms (March 2022 prices),Owner,Private pension wealth,decile,10,1824763.604,
6,Real terms (March 2022 prices),Owner,Private pension wealth,quintile,1,12942.77268,
6,Real terms (March 2022 prices),Owner,Private pension wealth,quintile,2,130446.6775,
6,Real terms (March 2022 prices),Owner,Private pension wealth,quintile,3,320789.8385,
6,Real terms (March 2022 prices),Owner,Private pension wealth,quintile,4,588559.561,
6,Real terms (March 2022 prices),Owner,Private pension wealth,quintile,5,1380094.98,
6,Real terms (March 2022 prices),Owner,Physical wealth,decile,1,16279.84645,
6,Real terms (March 2022 prices),Owner,Physical wealth,decile,2,29901.12903,
6,Real terms (March 2022 prices),Owner,Physical wealth,decile,3,40077.61302,
6,Real terms (March 2022 prices),Owner,Physical wealth,decile,4,49577.79495,
6,Real terms (March 2022 prices),Owner,Physical wealth,decile,5,59143.55251,
6,Real terms (March 2022 prices),Owner,Physical wealth,decile,6,71175.70363,
6,Real terms (March 2022 prices),Owner,Physical wealth,decile,7,79714.28371,
6,Real terms (March 2022 prices),Owner,Physical wealth,decile,8,93332.7597,
6,Real terms (March 2022 prices),Owner,Physical wealth,decile,9,113963.8914,
6,Real terms (March 2022 prices),Owner,Physical wealth,decile,10,233056.5446,
6,Real terms (March 2022 prices),Owner,Physical wealth,quintile,1,23090.88414,
6,Real terms (March 2022 prices),Owner,Physical wealth,quintile,2,44826.43035,
6,Real terms (March 2022 prices),Owner,Physical wealth,quintile,3,65137.8513,
6,Real terms (March 2022 prices),Owner,Physical wealth,quintile,4,86516.42842,
6,Real terms (March 2022 prices),Owner,Physical wealth,quintile,5,173484.4988,
6,Nominal,Renter,Total wealth,decile,1,3271.201985,
6,Nominal,Renter,Total wealth,decile,2,8406.622097,
6,Nominal,Renter,Total wealth,decile,3,14989.62307,
6,Nominal,Renter,Total wealth,decile,4,23404.05832,
6,Nominal,Renter,Total wealth,decile,5,33756.89016,
6,Nominal,Renter,Total wealth,decile,6,52738.4998,
6,Nominal,Renter,Total wealth,decile,7,86843.46197,
6,Nominal,Renter,Total wealth,decile,8,133537.5684,
6,Nominal,Renter,Total wealth,decile,9,216087.3972,
6,Nominal,Renter,Total wealth,decile,10,692916.2593,
6,Nominal,Renter,Total wealth,quintile,1,5812.076563,
6,Nominal,Renter,Total wealth,quintile,2,19250.64073,
6,Nominal,Renter,Total wealth,quintile,3,43275.26452,
6,Nominal,Renter,Total wealth,quintile,4,109961.9353,
6,Nominal,Renter,Total wealth,quintile,5,456124.9332,
6,Nominal,Renter,Total wealth excl private pension,decile,1,962.3265605,
6,Nominal,Renter,Total wealth excl private pension,decile,2,6244.651035,
6,Nominal,Renter,Total wealth excl private pension,decile,3,9626.068726,
6,Nominal,Renter,Total wealth excl private pension,decile,4,15080.23407,
6,Nominal,Renter,Total wealth excl private pension,decile,5,19027.09483,
6,Nominal,Renter,Total wealth excl private pension,decile,6,25554.01014,
6,Nominal,Renter,Total wealth excl private pension,decile,7,31449.5845,
6,Nominal,Renter,Total wealth excl private pension,decile,8,40748.73527,
6,Nominal,Renter,Total wealth excl private pension,decile,9,59559.38639,
6,Nominal,Renter,Total wealth excl private pension,decile,10,227019.6255,
6,Nominal,Renter,Total wealth excl private pension,quintile,1,3611.830963,
6,Nominal,Renter,Total wealth excl private pension,quintile,2,12387.80304,
6,Nominal,Renter,Total wealth excl private pension,quintile,3,22301.61129,
6,Nominal,Renter,Total wealth excl private pension,quintile,4,36153.7672,
6,Nominal,Renter,Total wealth excl private pension,quintile,5,143788.5885,
6,Nominal,Renter,Property wealth,decile,1,-163.4191324,
6,Nominal,Renter,Property wealth,decile,2,0,
6,Nominal,Renter,Property wealth,decile,3,0,
6,Nominal,Renter,Property wealth,decile,4,0,
6,Nominal,Renter,Property wealth,decile,5,0,
6,Nominal,Renter,Property wealth,decile,6,0,
6,Nominal,Renter,Property wealth,decile,7,0,
6,Nominal,Renter,Property wealth,decile,8,0,
6,Nominal,Renter,Property wealth,decile,9,0,
6,Nominal,Renter,Property wealth,decile,10,34608.57008,
6,Nominal,Renter,Property wealth,quintile,1,-81.71388958,
6,Nominal,Renter,Property wealth,quintile,2,0,
6,Nominal,Renter,Property wealth,quintile,3,0,
6,Nominal,Renter,Property wealth,quintile,4,0,
6,Nominal,Renter,Property wealth,quintile,5,17668.60852,
6,Nominal,Renter,Financial wealth,decile,1,4.505110728,
6,Nominal,Renter,Financial wealth,decile,2,82.21260711,
6,Nominal,Renter,Financial wealth,decile,3,326.8681306,
6,Nominal,Renter,Financial wealth,decile,4,650.8053667,
6,Nominal,Renter,Financial wealth,decile,5,1181.013985,
6,Nominal,Renter,Financial wealth,decile,6,2264.971544,
6,Nominal,Renter,Financial wealth,decile,7,4430.836066,
6,Nominal,Renter,Financial wealth,decile,8,7698.722141,
6,Nominal,Renter,Financial wealth,decile,9,17381.581,
6,Nominal,Renter,Financial wealth,decile,10,141904.6138,
6,Nominal,Renter,Financial wealth,quintile,1,44.46561552,
6,Nominal,Renter,Financial wealth,quintile,2,488.3712717,
6,Nominal,Renter,Financial wealth,quintile,3,1723.284005,
6,Nominal,Renter,Financial wealth,quintile,4,6100.521762,
6,Nominal,Renter,Financial wealth,quintile,5,79433.25667,
6,Nominal,Renter,Private pension wealth,decile,1,0,
6,Nominal,Renter,Private pension wealth,decile,2,0,
6,Nominal,Renter,Private pension wealth,decile,3,0,
6,Nominal,Renter,Private pension wealth,decile,4,0,
6,Nominal,Renter,Private pension wealth,decile,5,23.19459215,
6,Nominal,Renter,Private pension wealth,decile,6,10425.17421,
6,Nominal,Renter,Private pension wealth,decile,7,47281.09156,
6,Nominal,Renter,Private pension wealth,decile,8,88358.51662,
6,Nominal,Renter,Private pension wealth,decile,9,155109.1409,
6,Nominal,Renter,Private pension wealth,decile,10,531572.6594,
6,Nominal,Renter,Private pension wealth,quintile,1,0,
6,Nominal,Renter,Private pension wealth,quintile,2,0,
6,Nominal,Renter,Private pension wealth,quintile,3,5176.888378,
6,Nominal,Renter,Private pension wealth,quintile,4,67934.08094,
6,Nominal,Renter,Private pension wealth,quintile,5,342938.0551,
6,Nominal,Renter,Physical wealth,decile,1,2500,
6,Nominal,Renter,Physical wealth,decile,2,6437.871945,
6,Nominal,Renter,Physical wealth,decile,3,7847.251108,
6,Nominal,Renter,Physical wealth,decile,4,12889.44998,
6,Nominal,Renter,Physical wealth,decile,5,15119.93105,
6,Nominal,Renter,Physical wealth,decile,6,17820.87353,
6,Nominal,Renter,Physical wealth,decile,7,25176.61936,
6,Nominal,Renter,Physical wealth,decile,8,31835.8459,
6,Nominal,Renter,Physical wealth,decile,9,41717.20213,
6,Nominal,Renter,Physical wealth,decile,10,77800.06481,
6,Nominal,Renter,Physical wealth,quintile,1,4509.026526,
6,Nominal,Renter,Physical wealth,quintile,2,10363.11717,
6,Nominal,Renter,Physical wealth,quintile,3,16465.62585,
6,Nominal,Renter,Physical wealth,quintile,4,28433.92609,
6,Nominal,Renter,Physical wealth,quintile,5,59546.00933,
6,Real terms (March 2022 prices),Renter,Total wealth,decile,1,3626.023133,
6,Real terms (March 2022 prices),Renter,Total wealth,decile,2,9318.472638,
6,Real terms (March 2022 prices),Renter,Total wealth,decile,3,16615.51938,
6,Real terms (March 2022 prices),Renter,Total wealth,decile,4,25942.65266,
6,Real terms (March 2022 prices),Renter,Total wealth,decile,5,37418.43676,
6,Real terms (March 2022 prices),Renter,Total wealth,decile,6,58458.94602,
6,Real terms (March 2022 prices),Renter,Total wealth,decile,7,96263.20951,
6,Real terms (March 2022 prices),Renter,Total wealth,decile,8,148022.1381,
6,Real terms (March 2022 prices),Renter,Total wealth,decile,9,239525.9922,
6,Real terms (March 2022 prices),Renter,Total wealth,decile,10,768075.5871,
6,Real terms (March 2022 prices),Renter,Total wealth,quintile,1,6442.501613,
6,Real terms (March 2022 prices),Renter,Total wealth,quintile,2,21338.72164,
6,Real terms (March 2022 prices),Renter,Total wealth,quintile,3,47969.25135,
6,Real terms (March 2022 prices),Renter,Total wealth,quintile,4,121889.3003,
6,Real terms (March 2022 prices),Renter,Total wealth,quintile,5,505599.9498,
6,Real terms (March 2022 prices),Renter,Total wealth excl private pension,decile,1,1066.708319,
6,Real terms (March 2022 prices),Renter,Total wealth excl private pension,decile,2,6921.996627,
6,Real terms (March 2022 prices),Renter,Total wealth excl private pension,decile,3,10670.19036,
6,Real terms (March 2022 prices),Renter,Total wealth excl private pension,decile,4,16715.9588,
6,Real terms (March 2022 prices),Renter,Total wealth excl private pension,decile,5,21090.92814,
6,Real terms (March 2022 prices),Renter,Total wealth excl private pension,decile,6,28325.80572,
6,Real terms (March 2022 prices),Renter,Total wealth excl private pension,decile,7,34860.86198,
6,Real terms (March 2022 prices),Renter,Total wealth excl private pension,decile,8,45168.67421,
6,Real terms (March 2022 prices),Renter,Total wealth excl private pension,decile,9,66019.68139,
6,Real terms (March 2022 prices),Renter,Total wealth excl private pension,decile,10,251644.0187,
6,Real terms (March 2022 prices),Renter,Total wealth excl private pension,quintile,1,4003.599498,
6,Real terms (March 2022 prices),Renter,Total wealth excl private pension,quintile,2,13731.48481,
6,Real terms (March 2022 prices),Renter,Total wealth excl private pension,quintile,3,24720.62526,
6,Real terms (March 2022 prices),Renter,Total wealth excl private pension,quintile,4,40075.29857,
6,Real terms (March 2022 prices),Renter,Total wealth excl private pension,quintile,5,159385.0672,
6,Real terms (March 2022 prices),Renter,Property wealth,decile,1,-181.1448994,
6,Real terms (March 2022 prices),Renter,Property wealth,decile,2,0,
6,Real terms (March 2022 prices),Renter,Property wealth,decile,3,0,
6,Real terms (March 2022 prices),Renter,Property wealth,decile,4,0,
6,Real terms (March 2022 prices),Renter,Property wealth,decile,5,0,
6,Real terms (March 2022 prices),Renter,Property wealth,decile,6,0,
6,Real terms (March 2022 prices),Renter,Property wealth,decile,7,0,
6,Real terms (March 2022 prices),Renter,Property wealth,decile,8,0,
6,Real terms (March 2022 prices),Renter,Property wealth,decile,9,0,
6,Real terms (March 2022 prices),Renter,Property wealth,decile,10,38362.4968,
6,Real terms (March 2022 prices),Renter,Property wealth,quintile,1,-90.57724202,
6,Real terms (March 2022 prices),Renter,Property wealth,quintile,2,0,
6,Real terms (March 2022 prices),Renter,Property wealth,quintile,3,0,
6,Real terms (March 2022 prices),Renter,Property wealth,quintile,4,0,
6,Real terms (March 2022 prices),Renter,Property wealth,quintile,5,19585.08937,
6,Real terms (March 2022 prices),Renter,Financial wealth,decile,1,4.993771645,
6,Real terms (March 2022 prices),Renter,Financial wealth,decile,2,91.13005451,
6,Real terms (March 2022 prices),Renter,Financial wealth,decile,3,362.3229041,
6,Real terms (March 2022 prices),Renter,Financial wealth,decile,4,721.3970049,
6,Real terms (March 2022 prices),Renter,Financial wealth,decile,5,1309.116358,
6,Real terms (March 2022 prices),Renter,Financial wealth,decile,6,2510.648761,
6,Real terms (March 2022 prices),Renter,Financial wealth,decile,7,4911.440549,
6,Real terms (March 2022 prices),Renter,Financial wealth,decile,8,8533.788102,
6,Real terms (March 2022 prices),Renter,Financial wealth,decile,9,19266.92852,
6,Real terms (March 2022 prices),Renter,Financial wealth,decile,10,157296.7412,
6,Real terms (March 2022 prices),Renter,Financial wealth,quintile,1,49.28871749,
6,Real terms (March 2022 prices),Renter,Financial wealth,quintile,2,541.3439881,
6,Real terms (March 2022 prices),Renter,Financial wealth,quintile,3,1910.20539,
6,Real terms (March 2022 prices),Renter,Financial wealth,quintile,4,6762.233923,
6,Real terms (March 2022 prices),Renter,Financial wealth,quintile,5,88049.23313,
6,Real terms (March 2022 prices),Renter,Private pension wealth,decile,1,0,
6,Real terms (March 2022 prices),Renter,Private pension wealth,decile,2,0,
6,Real terms (March 2022 prices),Renter,Private pension wealth,decile,3,0,
6,Real terms (March 2022 prices),Renter,Private pension wealth,decile,4,0,
6,Real terms (March 2022 prices),Renter,Private pension wealth,decile,5,25.71046608,
6,Real terms (March 2022 prices),Renter,Private pension wealth,decile,6,11555.97331,
6,Real terms (March 2022 prices),Renter,Private pension wealth,decile,7,52409.58294,
6,Real terms (March 2022 prices),Renter,Private pension wealth,decile,8,97942.5993,
6,Real terms (March 2022 prices),Renter,Private pension wealth,decile,9,171933.5387,
6,Real terms (March 2022 prices),Renter,Private pension wealth,decile,10,589231.3494,
6,Real terms (March 2022 prices),Renter,Private pension wealth,quintile,1,0,
6,Real terms (March 2022 prices),Renter,Private pension wealth,quintile,2,0,
6,Real terms (March 2022 prices),Renter,Private pension wealth,quintile,3,5738.415757,
6,Real terms (March 2022 prices),Renter,Private pension wealth,quintile,4,75302.76337,
6,Real terms (March 2022 prices),Renter,Private pension wealth,quintile,5,380135.9031,
6,Real terms (March 2022 prices),Renter,Physical wealth,decile,1,2771.170314,
6,Real terms (March 2022 prices),Renter,Physical wealth,decile,2,7136.175848,
6,Real terms (March 2022 prices),Renter,Physical wealth,decile,3,8698.427727,
6,Real terms (March 2022 prices),Renter,Physical wealth,decile,4,14287.54446,
6,Real terms (March 2022 prices),Renter,Physical wealth,decile,5,16759.96163,
6,Real terms (March 2022 prices),Renter,Physical wealth,decile,6,19753.87028,
6,Real terms (March 2022 prices),Renter,Physical wealth,decile,7,27907.48007,
6,Real terms (March 2022 prices),Renter,Physical wealth,decile,8,35289.02043,
6,Real terms (March 2022 prices),Renter,Physical wealth,decile,9,46242.18885,
6,Real terms (March 2022 prices),Renter,Physical wealth,decile,10,86238.89201,
6,Real terms (March 2022 prices),Renter,Physical wealth,quintile,1,4998.112182,
6,Real terms (March 2022 prices),Renter,Physical wealth,quintile,2,11487.18507,
6,Real terms (March 2022 prices),Renter,Physical wealth,quintile,3,18251.62143,
6,Real terms (March 2022 prices),Renter,Physical wealth,quintile,4,31518.10076,
6,Real terms (March 2022 prices),Renter,Physical wealth,quintile,5,66004.85335,
7,Nominal,Owner,Total wealth,decile,1,172116.7542,
7,Nominal,Owner,Total wealth,decile,2,308554.3618,
7,Nominal,Owner,Total wealth,decile,3,436733.9084,
7,Nominal,Owner,Total wealth,decile,4,565295.8325,
7,Nominal,Owner,Total wealth,decile,5,710552.917,
7,Nominal,Owner,Total wealth,decile,6,883146.569,
7,Nominal,Owner,Total wealth,decile,7,1090773.073,
7,Nominal,Owner,Total wealth,decile,8,1358204.489,
7,Nominal,Owner,Total wealth,decile,9,1816242.759,
7,Nominal,Owner,Total wealth,decile,10,3711936.405,
7,Nominal,Owner,Total wealth,quintile,1,240271.072,
7,Nominal,Owner,Total wealth,quintile,2,501068.5079,
7,Nominal,Owner,Total wealth,quintile,3,796575.3005,
7,Nominal,Owner,Total wealth,quintile,4,1224006.546,
7,Nominal,Owner,Total wealth,quintile,5,2770327.439,
7,Nominal,Owner,Total wealth excl private pension,decile,1,125070.1976,
7,Nominal,Owner,Total wealth excl private pension,decile,2,200135.8608,
7,Nominal,Owner,Total wealth excl private pension,decile,3,259085.8089,
7,Nominal,Owner,Total wealth excl private pension,decile,4,321755.6488,
7,Nominal,Owner,Total wealth excl private pension,decile,5,393842.4347,
7,Nominal,Owner,Total wealth excl private pension,decile,6,477008.2971,
7,Nominal,Owner,Total wealth excl private pension,decile,7,570734.6469,
7,Nominal,Owner,Total wealth excl private pension,decile,8,720759.1851,
7,Nominal,Owner,Total wealth excl private pension,decile,9,972772.3308,
7,Nominal,Owner,Total wealth excl private pension,decile,10,2187028.801,
7,Nominal,Owner,Total wealth excl private pension,quintile,1,162710.945,
7,Nominal,Owner,Total wealth excl private pension,quintile,2,290454.4958,
7,Nominal,Owner,Total wealth excl private pension,quintile,3,435403.928,
7,Nominal,Owner,Total wealth excl private pension,quintile,4,645708.6784,
7,Nominal,Owner,Total wealth excl private pension,quintile,5,1579982.245,
7,Nominal,Owner,Property wealth,decile,1,81322.9732,
7,Nominal,Owner,Property wealth,decile,2,134552.7165,
7,Nominal,Owner,Property wealth,decile,3,169419.0656,
7,Nominal,Owner,Property wealth,decile,4,205566.3939,
7,Nominal,Owner,Property wealth,decile,5,250466.452,
7,Nominal,Owner,Property wealth,decile,6,304539.1913,
7,Nominal,Owner,Property wealth,decile,7,372197.3365,
7,Nominal,Owner,Property wealth,decile,8,459303.4738,
7,Nominal,Owner,Property wealth,decile,9,628243.0933,
7,Nominal,Owner,Property wealth,decile,10,1326440.11,
7,Nominal,Owner,Property wealth,quintile,1,108068.4441,
7,Nominal,Owner,Property wealth,quintile,2,187509.2107,
7,Nominal,Owner,Property wealth,quintile,3,277539.4081,
7,Nominal,Owner,Property wealth,quintile,4,415662.8127,
7,Nominal,Owner,Property wealth,quintile,5,978872.5774,
7,Nominal,Owner,Financial wealth,decile,1,949.6350431,
7,Nominal,Owner,Financial wealth,decile,2,5292.404019,
7,Nominal,Owner,Financial wealth,decile,3,13331.99273,
7,Nominal,Owner,Financial wealth,decile,4,25562.44354,
7,Nominal,Owner,Financial wealth,decile,5,43333.21706,
7,Nominal,Owner,Financial wealth,decile,6,67434.04254,
7,Nominal,Owner,Financial wealth,decile,7,101973.9843,
7,Nominal,Owner,Financial wealth,decile,8,156733.4545,
7,Nominal,Owner,Financial wealth,decile,9,264019.6714,
7,Nominal,Owner,Financial wealth,decile,10,895004.1368,
7,Nominal,Owner,Financial wealth,quintile,1,3121.703709,
7,Nominal,Owner,Financial wealth,quintile,2,19473.05365,
7,Nominal,Owner,Financial wealth,quintile,3,55451.97132,
7,Nominal,Owner,Financial wealth,quintile,4,129260.821,
7,Nominal,Owner,Financial wealth,quintile,5,580036.6651,
7,Nominal,Owner,Private pension wealth,decile,1,3.901458843,
7,Nominal,Owner,Private pension wealth,decile,2,25936.64097,
7,Nominal,Owner,Private pension wealth,decile,3,90482.49136,
7,Nominal,Owner,Private pension wealth,decile,4,162920.0946,
7,Nominal,Owner,Private pension wealth,decile,5,246794.0033,
7,Nominal,Owner,Private pension wealth,decile,6,345093.0897,
7,Nominal,Owner,Private pension wealth,decile,7,471377.5936,
7,Nominal,Owner,Private pension wealth,decile,8,640864.1866,
7,Nominal,Owner,Private pension wealth,decile,9,903987.2475,
7,Nominal,Owner,Private pension wealth,decile,10,1948270.682,
7,Nominal,Owner,Private pension wealth,quintile,1,13050.05453,
7,Nominal,Owner,Private pension wealth,quintile,2,126801.3848,
7,Nominal,Owner,Private pension wealth,quintile,3,295723.7203,
7,Nominal,Owner,Private pension wealth,quintile,4,556014.9428,
7,Nominal,Owner,Private pension wealth,quintile,5,1426459.333,
7,Nominal,Owner,Physical wealth,decile,1,13220.43159,
7,Nominal,Owner,Physical wealth,decile,2,25180.63356,
7,Nominal,Owner,Physical wealth,decile,3,35120.53584,
7,Nominal,Owner,Physical wealth,decile,4,44573.64183,
7,Nominal,Owner,Physical wealth,decile,5,53649.28214,
7,Nominal,Owner,Physical wealth,decile,6,63987.91492,
7,Nominal,Owner,Physical wealth,decile,7,72723.59726,
7,Nominal,Owner,Physical wealth,decile,8,88457.472,
7,Nominal,Owner,Physical wealth,decile,9,110291.0752,
7,Nominal,Owner,Physical wealth,decile,10,226284.0736,
7,Nominal,Owner,Physical wealth,quintile,1,19214.43948,
7,Nominal,Owner,Physical wealth,quintile,2,39860.25202,
7,Nominal,Owner,Physical wealth,quintile,3,58809.24413,
7,Nominal,Owner,Physical wealth,quintile,4,80576.63847,
7,Nominal,Owner,Physical wealth,quintile,5,169033.6885,
7,Real terms (March 2022 prices),Owner,Total wealth,decile,1,184637.2179,
7,Real terms (March 2022 prices),Owner,Total wealth,decile,2,330999.8449,
7,Real terms (March 2022 prices),Owner,Total wealth,decile,3,468503.6863,
7,Real terms (March 2022 prices),Owner,Total wealth,decile,4,606417.7208,
7,Real terms (March 2022 prices),Owner,Total wealth,decile,5,762241.3889,
7,Real terms (March 2022 prices),Owner,Total wealth,decile,6,947390.1961,
7,Real terms (March 2022 prices),Owner,Total wealth,decile,7,1170120.286,
7,Real terms (March 2022 prices),Owner,Total wealth,decile,8,1457005.737,
7,Real terms (March 2022 prices),Owner,Total wealth,decile,9,1948363.549,
7,Real terms (March 2022 prices),Owner,Total wealth,decile,10,3981957.561,
7,Real terms (March 2022 prices),Owner,Total wealth,quintile,1,257749.3544,
7,Real terms (March 2022 prices),Owner,Total wealth,quintile,2,537518.2428,
7,Real terms (March 2022 prices),Owner,Total wealth,quintile,3,854521.3859,
7,Real terms (March 2022 prices),Owner,Total wealth,quintile,4,1313045.696,
7,Real terms (March 2022 prices),Owner,Total wealth,quintile,5,2971852.179,
7,Real terms (March 2022 prices),Owner,Total wealth excl private pension,decile,1,134168.3058,
7,Real terms (March 2022 prices),Owner,Total wealth excl private pension,decile,2,214694.5468,
7,Real terms (March 2022 prices),Owner,Total wealth excl private pension,decile,3,277932.7508,
7,Real terms (March 2022 prices),Owner,Total wealth excl private pension,decile,4,345161.4464,
7,Real terms (March 2022 prices),Owner,Total wealth excl private pension,decile,5,422492.1146,
7,Real terms (March 2022 prices),Owner,Total wealth excl private pension,decile,6,511707.7957,
7,Real terms (March 2022 prices),Owner,Total wealth excl private pension,decile,7,612252.1765,
7,Real terms (March 2022 prices),Owner,Total wealth excl private pension,decile,8,773190.1018,
7,Real terms (March 2022 prices),Owner,Total wealth excl private pension,decile,9,1043535.696,
7,Real terms (March 2022 prices),Owner,Total wealth excl private pension,decile,10,2346122.057,
7,Real terms (March 2022 prices),Owner,Total wealth excl private pension,quintile,1,174547.1924,
7,Real terms (March 2022 prices),Owner,Total wealth excl private pension,quintile,2,311583.322,
7,Real terms (March 2022 prices),Owner,Total wealth excl private pension,quintile,3,467076.9577,
7,Real terms (March 2022 prices),Owner,Total wealth excl private pension,quintile,4,692680.12,
7,Real terms (March 2022 prices),Owner,Total wealth excl private pension,quintile,5,1694916.497,
7,Real terms (March 2022 prices),Owner,Property wealth,decile,1,87238.73276,
7,Real terms (March 2022 prices),Owner,Property wealth,decile,2,144340.6213,
7,Real terms (March 2022 prices),Owner,Property wealth,decile,3,181743.2887,
7,Real terms (March 2022 prices),Owner,Property wealth,decile,4,220520.1187,
7,Real terms (March 2022 prices),Owner,Property wealth,decile,5,268686.3873,
7,Real terms (March 2022 prices),Owner,Property wealth,decile,6,326692.5948,
7,Real terms (March 2022 prices),Owner,Property wealth,decile,7,399272.4651,
7,Real terms (March 2022 prices),Owner,Property wealth,decile,8,492715.0525,
7,Real terms (March 2022 prices),Owner,Property wealth,decile,9,673944.0182,
7,Real terms (March 2022 prices),Owner,Property wealth,decile,10,1422930.689,
7,Real terms (March 2022 prices),Owner,Property wealth,quintile,1,115929.7766,
7,Real terms (March 2022 prices),Owner,Property wealth,quintile,2,201149.3835,
7,Real terms (March 2022 prices),Owner,Property wealth,quintile,3,297728.7388,
7,Real terms (March 2022 prices),Owner,Property wealth,quintile,4,445899.7945,
7,Real terms (March 2022 prices),Owner,Property wealth,quintile,5,1050079.699,
7,Real terms (March 2022 prices),Owner,Financial wealth,decile,1,1018.715309,
7,Real terms (March 2022 prices),Owner,Financial wealth,decile,2,5677.394735,
7,Real terms (March 2022 prices),Owner,Financial wealth,decile,3,14301.8154,
7,Real terms (March 2022 prices),Owner,Financial wealth,decile,4,27421.95831,
7,Real terms (March 2022 prices),Owner,Financial wealth,decile,5,46485.44924,
7,Real terms (March 2022 prices),Owner,Financial wealth,decile,6,72339.46553,
7,Real terms (March 2022 prices),Owner,Financial wealth,decile,7,109391.9813,
7,Real terms (March 2022 prices),Owner,Financial wealth,decile,8,168134.8753,
7,Real terms (March 2022 prices),Owner,Financial wealth,decile,9,283225.5222,
7,Real terms (March 2022 prices),Owner,Financial wealth,decile,10,960110.3309,
7,Real terms (March 2022 prices),Owner,Financial wealth,quintile,1,3348.788969,
7,Real terms (March 2022 prices),Owner,Financial wealth,quintile,2,20889.60176,
7,Real terms (March 2022 prices),Owner,Financial wealth,quintile,3,59485.77034,
7,Real terms (March 2022 prices),Owner,Financial wealth,quintile,4,138663.772,
7,Real terms (March 2022 prices),Owner,Financial wealth,quintile,5,622230.8608,
7,Real terms (March 2022 prices),Owner,Private pension wealth,decile,1,4.185266622,
7,Real terms (March 2022 prices),Owner,Private pension wealth,decile,2,27823.37637,
7,Real terms (March 2022 prices),Owner,Private pension wealth,decile,3,97064.55104,
7,Real terms (March 2022 prices),Owner,Private pension wealth,decile,4,174771.5563,
7,Real terms (March 2022 prices),Owner,Private pension wealth,decile,5,264746.7899,
7,Real terms (March 2022 prices),Owner,Private pension wealth,decile,6,370196.5465,
7,Real terms (March 2022 prices),Owner,Private pension wealth,decile,7,505667.4923,
7,Real terms (March 2022 prices),Owner,Private pension wealth,decile,8,687483.2205,
7,Real terms (March 2022 prices),Owner,Private pension wealth,decile,9,969746.9092,
7,Real terms (March 2022 prices),Owner,Private pension wealth,decile,10,2089995.713,
7,Real terms (March 2022 prices),Owner,Private pension wealth,quintile,1,13999.36789,
7,Real terms (March 2022 prices),Owner,Private pension wealth,quintile,2,136025.4266,
7,Real terms (March 2022 prices),Owner,Private pension wealth,quintile,3,317235.8509,
7,Real terms (March 2022 prices),Owner,Private pension wealth,quintile,4,596461.7019,
7,Real terms (March 2022 prices),Owner,Private pension wealth,quintile,5,1530225.712,
7,Real terms (March 2022 prices),Owner,Physical wealth,decile,1,14182.13886,
7,Real terms (March 2022 prices),Owner,Physical wealth,decile,2,27012.37393,
7,Real terms (March 2022 prices),Owner,Physical wealth,decile,3,37675.34461,
7,Real terms (March 2022 prices),Owner,Physical wealth,decile,4,47816.10749,
7,Real terms (March 2022 prices),Owner,Physical wealth,decile,5,57551.94631,
7,Real terms (March 2022 prices),Owner,Physical wealth,decile,6,68642.65275,
7,Real terms (March 2022 prices),Owner,Physical wealth,decile,7,78013.80369,
7,Real terms (March 2022 prices),Owner,Physical wealth,decile,8,94892.22365,
7,Real terms (March 2022 prices),Owner,Physical wealth,decile,9,118314.0907,
7,Real terms (March 2022 prices),Owner,Physical wealth,decile,10,242744.8855,
7,Real terms (March 2022 prices),Owner,Physical wealth,quintile,1,20612.17495,
7,Real terms (March 2022 prices),Owner,Physical wealth,quintile,2,42759.84678,
7,Real terms (March 2022 prices),Owner,Physical wealth,quintile,3,63087.26465,
7,Real terms (March 2022 prices),Owner,Physical wealth,quintile,4,86438.10664,
7,Real terms (March 2022 prices),Owner,Physical wealth,quintile,5,181329.8777,
7,Nominal,Renter,Total wealth,decile,1,2805.096802,
7,Nominal,Renter,Total wealth,decile,2,8917.85125,
7,Nominal,Renter,Total wealth,decile,3,15719.89831,
7,Nominal,Renter,Total wealth,decile,4,25354.28399,
7,Nominal,Renter,Total wealth,decile,5,40460.50908,
7,Nominal,Renter,Total wealth,decile,6,64482.41823,
7,Nominal,Renter,Total wealth,decile,7,103100.7628,
7,Nominal,Renter,Total wealth,decile,8,149921.9961,
7,Nominal,Renter,Total wealth,decile,9,238265.1924,
7,Nominal,Renter,Total wealth,decile,10,638047.31,
7,Nominal,Renter,Total wealth,quintile,1,5831.989826,
7,Nominal,Renter,Total wealth,quintile,2,20546.40904,
7,Nominal,Renter,Total wealth,quintile,3,52725.93394,
7,Nominal,Renter,Total wealth,quintile,4,126470.1173,
7,Nominal,Renter,Total wealth,quintile,5,440180.4521,
7,Nominal,Renter,Total wealth excl private pension,decile,1,991.2716733,
7,Nominal,Renter,Total wealth excl private pension,decile,2,7092.542531,
7,Nominal,Renter,Total wealth excl private pension,decile,3,10000.96105,
7,Nominal,Renter,Total wealth excl private pension,decile,4,15105.48017,
7,Nominal,Renter,Total wealth excl private pension,decile,5,19569.23665,
7,Nominal,Renter,Total wealth excl private pension,decile,6,26208.86621,
7,Nominal,Renter,Total wealth excl private pension,decile,7,33176.99361,
7,Nominal,Renter,Total wealth excl private pension,decile,8,45120.35098,
7,Nominal,Renter,Total wealth excl private pension,decile,9,64694.63677,
7,Nominal,Renter,Total wealth excl private pension,decile,10,229349.0074,
7,Nominal,Renter,Total wealth excl private pension,quintile,1,4041.519556,
7,Nominal,Renter,Total wealth excl private pension,quintile,2,12512.61874,
7,Nominal,Renter,Total wealth excl private pension,quintile,3,22854.39583,
7,Nominal,Renter,Total wealth excl private pension,quintile,4,39066.23806,
7,Nominal,Renter,Total wealth excl private pension,quintile,5,147436.2297,
7,Nominal,Renter,Property wealth,decile,1,0,
7,Nominal,Renter,Property wealth,decile,2,0,
7,Nominal,Renter,Property wealth,decile,3,0,
7,Nominal,Renter,Property wealth,decile,4,0,
7,Nominal,Renter,Property wealth,decile,5,0,
7,Nominal,Renter,Property wealth,decile,6,0,
7,Nominal,Renter,Property wealth,decile,7,0,
7,Nominal,Renter,Property wealth,decile,8,0,
7,Nominal,Renter,Property wealth,decile,9,0,
7,Nominal,Renter,Property wealth,decile,10,68374.19058,
7,Nominal,Renter,Property wealth,quintile,1,0,
7,Nominal,Renter,Property wealth,quintile,2,0,
7,Nominal,Renter,Property wealth,quintile,3,0,
7,Nominal,Renter,Property wealth,quintile,4,0,
7,Nominal,Renter,Property wealth,quintile,5,34657.32329,
7,Nominal,Renter,Financial wealth,decile,1,15.37121365,
7,Nominal,Renter,Financial wealth,decile,2,129.2440452,
7,Nominal,Renter,Financial wealth,decile,3,352.522829,
7,Nominal,Renter,Financial wealth,decile,4,615.7472367,
7,Nominal,Renter,Financial wealth,decile,5,1297.392687,
7,Nominal,Renter,Financial wealth,decile,6,2582.593901,
7,Nominal,Renter,Financial wealth,decile,7,4613.133084,
7,Nominal,Renter,Financial wealth,decile,8,8743.869674,
7,Nominal,Renter,Financial wealth,decile,9,19930.14784,
7,Nominal,Renter,Financial wealth,decile,10,105653.9005,
7,Nominal,Renter,Financial wealth,quintile,1,72.18776131,
7,Nominal,Renter,Financial wealth,quintile,2,483.878411,
7,Nominal,Renter,Financial wealth,quintile,3,1935.707735,
7,Nominal,Renter,Financial wealth,quintile,4,6684.057983,
7,Nominal,Renter,Financial wealth,quintile,5,63496.22029,
7,Nominal,Renter,Private pension wealth,decile,1,0,
7,Nominal,Renter,Private pension wealth,decile,2,0,
7,Nominal,Renter,Private pension wealth,decile,3,0,
7,Nominal,Renter,Private pension wealth,decile,4,0,
7,Nominal,Renter,Private pension wealth,decile,5,3677.986721,
7,Nominal,Renter,Private pension wealth,decile,6,25616.48103,
7,Nominal,Renter,Private pension wealth,decile,7,58844.94779,
7,Nominal,Renter,Private pension wealth,decile,8,101866.5674,
7,Nominal,Renter,Private pension wealth,decile,9,168131.8484,
7,Nominal,Renter,Private pension wealth,decile,10,479193.3714,
7,Nominal,Renter,Private pension wealth,quintile,1,0,
7,Nominal,Renter,Private pension wealth,quintile,2,0,
7,Nominal,Renter,Private pension wealth,quintile,3,14700.86669,
7,Nominal,Renter,Private pension wealth,quintile,4,80806.74445,
7,Nominal,Renter,Private pension wealth,quintile,5,322700.0472,
7,Nominal,Renter,Physical wealth,decile,1,2500,
7,Nominal,Renter,Physical wealth,decile,2,5309.569239,
7,Nominal,Renter,Physical wealth,decile,3,7615.476906,
7,Nominal,Renter,Physical wealth,decile,4,12814.11078,
7,Nominal,Renter,Physical wealth,decile,5,15046.94818,
7,Nominal,Renter,Physical wealth,decile,6,18410.59603,
7,Nominal,Renter,Physical wealth,decile,7,25831.55523,
7,Nominal,Renter,Physical wealth,decile,8,34495.99436,
7,Nominal,Renter,Physical wealth,decile,9,44681.77978,
7,Nominal,Renter,Physical wealth,decile,10,84400.31653,
7,Nominal,Renter,Physical wealth,quintile,1,3910.996118,
7,Nominal,Renter,Physical wealth,quintile,2,10248.89572,
7,Nominal,Renter,Physical wealth,quintile,3,16714.67198,
7,Nominal,Renter,Physical wealth,quintile,4,30119.18038,
7,Nominal,Renter,Physical wealth,quintile,5,64551.49958,
7,Real terms (March 2022 prices),Renter,Total wealth,decile,1,3009.150806,
7,Real terms (March 2022 prices),Renter,Total wealth,decile,2,9566.571552,
7,Real terms (March 2022 prices),Renter,Total wealth,decile,3,16863.42682,
7,Real terms (March 2022 prices),Renter,Total wealth,decile,4,27198.6564,
7,Real terms (March 2022 prices),Renter,Total wealth,decile,5,43403.76895,
7,Real terms (March 2022 prices),Renter,Total wealth,decile,6,69173.12821,
7,Real terms (March 2022 prices),Renter,Total wealth,decile,7,110600.7262,
7,Real terms (March 2022 prices),Renter,Total wealth,decile,8,160827.9239,
7,Real terms (March 2022 prices),Renter,Total wealth,decile,9,255597.5591,
7,Real terms (March 2022 prices),Renter,Total wealth,decile,10,684461.433,
7,Real terms (March 2022 prices),Renter,Total wealth,quintile,1,6256.23218,
7,Real terms (March 2022 prices),Renter,Total wealth,quintile,2,22041.03732,
7,Real terms (March 2022 prices),Renter,Total wealth,quintile,3,56561.43005,
7,Real terms (March 2022 prices),Renter,Total wealth,quintile,4,135670.0613,
7,Real terms (March 2022 prices),Renter,Total wealth,quintile,5,472200.9453,
7,Real terms (March 2022 prices),Renter,Total wealth excl private pension,decile,1,1063.380755,
7,Real terms (March 2022 prices),Renter,Total wealth excl private pension,decile,2,7608.48255,
7,Real terms (March 2022 prices),Renter,Total wealth excl private pension,decile,3,10728.47111,
7,Real terms (March 2022 prices),Renter,Total wealth excl private pension,decile,4,16204.31345,
7,Real terms (March 2022 prices),Renter,Total wealth excl private pension,decile,5,20992.78149,
7,Real terms (March 2022 prices),Renter,Total wealth excl private pension,decile,6,28115.40435,
7,Real terms (March 2022 prices),Renter,Total wealth excl private pension,decile,7,35590.42132,
7,Real terms (March 2022 prices),Renter,Total wealth excl private pension,decile,8,48402.58645,
7,Real terms (March 2022 prices),Renter,Total wealth excl private pension,decile,9,69400.78438,
7,Real terms (March 2022 prices),Renter,Total wealth excl private pension,decile,10,246032.775,
7,Real terms (March 2022 prices),Renter,Total wealth excl private pension,quintile,1,4335.515914,
7,Real terms (March 2022 prices),Renter,Total wealth excl private pension,quintile,2,13422.83686,
7,Real terms (March 2022 prices),Renter,Total wealth excl private pension,quintile,3,24516.91634,
7,Real terms (March 2022 prices),Renter,Total wealth excl private pension,quintile,4,41908.07306,
7,Real terms (March 2022 prices),Renter,Total wealth excl private pension,quintile,5,158161.333,
7,Real terms (March 2022 prices),Renter,Property wealth,decile,1,0,
7,Real terms (March 2022 prices),Renter,Property wealth,decile,2,0,
7,Real terms (March 2022 prices),Renter,Property wealth,decile,3,0,
7,Real terms (March 2022 prices),Renter,Property wealth,decile,4,0,
7,Real terms (March 2022 prices),Renter,Property wealth,decile,5,0,
7,Real terms (March 2022 prices),Renter,Property wealth,decile,6,0,
7,Real terms (March 2022 prices),Renter,Property wealth,decile,7,0,
7,Real terms (March 2022 prices),Renter,Property wealth,decile,8,0,
7,Real terms (March 2022 prices),Renter,Property wealth,decile,9,0,
7,Real terms (March 2022 prices),Renter,Property wealth,decile,10,73348.0037,
7,Real terms (March 2022 prices),Renter,Property wealth,quintile,1,0,
7,Real terms (March 2022 prices),Renter,Property wealth,quintile,2,0,
7,Real terms (March 2022 prices),Renter,Property wealth,quintile,3,0,
7,Real terms (March 2022 prices),Renter,Property wealth,quintile,4,0,
7,Real terms (March 2022 prices),Renter,Property wealth,quintile,5,37178.43613,
7,Real terms (March 2022 prices),Renter,Financial wealth,decile,1,16.48937744,
7,Real terms (March 2022 prices),Renter,Financial wealth,decile,2,138.6457759,
7,Real terms (March 2022 prices),Renter,Financial wealth,decile,3,378.1667549,
7,Real terms (March 2022 prices),Renter,Financial wealth,decile,4,660.5391628,
7,Real terms (March 2022 prices),Renter,Financial wealth,decile,5,1391.770239,
7,Real terms (March 2022 prices),Renter,Financial wealth,decile,6,2770.46215,
7,Real terms (March 2022 prices),Renter,Financial wealth,decile,7,4948.710905,
7,Real terms (March 2022 prices),Renter,Financial wealth,decile,8,9379.933858,
7,Real terms (March 2022 prices),Renter,Financial wealth,decile,9,21379.94681,
7,Real terms (March 2022 prices),Renter,Financial wealth,decile,10,113339.5894,
7,Real terms (March 2022 prices),Renter,Financial wealth,quintile,1,77.43898888,
7,Real terms (March 2022 prices),Renter,Financial wealth,quintile,2,519.0776692,
7,Real terms (March 2022 prices),Renter,Financial wealth,quintile,3,2076.518887,
7,Real terms (March 2022 prices),Renter,Financial wealth,quintile,4,7170.283196,
7,Real terms (March 2022 prices),Renter,Financial wealth,quintile,5,68115.19027,
7,Real terms (March 2022 prices),Renter,Private pension wealth,decile,1,0,
7,Real terms (March 2022 prices),Renter,Private pension wealth,decile,2,0,
7,Real terms (March 2022 prices),Renter,Private pension wealth,decile,3,0,
7,Real terms (March 2022 prices),Renter,Private pension wealth,decile,4,0,
7,Real terms (March 2022 prices),Renter,Private pension wealth,decile,5,3945.538241,
7,Real terms (March 2022 prices),Renter,Private pension wealth,decile,6,27479.9267,
7,Real terms (March 2022 prices),Renter,Private pension wealth,decile,7,63125.56554,
7,Real terms (March 2022 prices),Renter,Private pension wealth,decile,8,109276.7505,
7,Real terms (March 2022 prices),Renter,Private pension wealth,decile,9,180362.4341,
7,Real terms (March 2022 prices),Renter,Private pension wealth,decile,10,514051.8211,
7,Real terms (March 2022 prices),Renter,Private pension wealth,quintile,1,0,
7,Real terms (March 2022 prices),Renter,Private pension wealth,quintile,2,0,
7,Real terms (March 2022 prices),Renter,Private pension wealth,quintile,3,15770.26675,
7,Real terms (March 2022 prices),Renter,Private pension wealth,quintile,4,86684.95146,
7,Real terms (March 2022 prices),Renter,Private pension wealth,quintile,5,346174.5442,
7,Real terms (March 2022 prices),Renter,Physical wealth,decile,1,2681.860037,
7,Real terms (March 2022 prices),Renter,Physical wealth,decile,2,5695.808622,
7,Real terms (March 2022 prices),Renter,Physical wealth,decile,3,8169.45727,
7,Real terms (March 2022 prices),Renter,Physical wealth,decile,4,13746.26064,
7,Real terms (March 2022 prices),Renter,Physical wealth,decile,5,16141.5236,
7,Real terms (March 2022 prices),Renter,Physical wealth,decile,6,19749.8567,
7,Real terms (March 2022 prices),Renter,Physical wealth,decile,7,27710.64626,
7,Real terms (March 2022 prices),Renter,Physical wealth,decile,8,37005.37148,
7,Real terms (March 2022 prices),Renter,Physical wealth,decile,9,47932.11183,
7,Real terms (March 2022 prices),Renter,Physical wealth,decile,10,90539.9344,
7,Real terms (March 2022 prices),Renter,Physical wealth,quintile,1,4195.497677,
7,Real terms (March 2022 prices),Renter,Physical wealth,quintile,2,10994.44154,
7,Real terms (March 2022 prices),Renter,Physical wealth,quintile,3,17930.56433,
7,Real terms (March 2022 prices),Renter,Physical wealth,quintile,4,32310.17048,
7,Real terms (March 2022 prices),Renter,Physical wealth,quintile,5,69247.23481,
8,Nominal,Owner,Total wealth,decile,1,182920.7982,
8,Nominal,Owner,Total wealth,decile,2,320398.3611,
8,Nominal,Owner,Total wealth,decile,3,435894.6306,
8,Nominal,Owner,Total wealth,decile,4,533156.9315,
8,Nominal,Owner,Total wealth,decile,5,649364.3842,
8,Nominal,Owner,Total wealth,decile,6,787025.7,
8,Nominal,Owner,Total wealth,decile,7,963564.4231,
8,Nominal,Owner,Total wealth,decile,8,1195317.678,
8,Nominal,Owner,Total wealth,decile,9,1556605.842,
8,Nominal,Owner,Total wealth,decile,10,2839218.544,
8,Nominal,Owner,Total wealth,quintile,1,251882.7118,
8,Nominal,Owner,Total wealth,quintile,2,484556.6902,
8,Nominal,Owner,Total wealth,quintile,3,718092.6927,
8,Nominal,Owner,Total wealth,quintile,4,1078432.635,
8,Nominal,Owner,Total wealth,quintile,5,2193670.783,
8,Nominal,Owner,Total wealth excl private pension,decile,1,135632.281,
8,Nominal,Owner,Total wealth excl private pension,decile,2,221885.7052,
8,Nominal,Owner,Total wealth excl private pension,decile,3,285212.7167,
8,Nominal,Owner,Total wealth excl private pension,decile,4,350955.2604,
8,Nominal,Owner,Total wealth excl private pension,decile,5,419563.2764,
8,Nominal,Owner,Total wealth excl private pension,decile,6,503107.9541,
8,Nominal,Owner,Total wealth excl private pension,decile,7,610529.0784,
8,Nominal,Owner,Total wealth excl private pension,decile,8,763024.7422,
8,Nominal,Owner,Total wealth excl private pension,decile,9,1038312.68,
8,Nominal,Owner,Total wealth excl private pension,decile,10,1974600.674,
8,Nominal,Owner,Total wealth excl private pension,quintile,1,179037.1352,
8,Nominal,Owner,Total wealth excl private pension,quintile,2,317935.1791,
8,Nominal,Owner,Total wealth excl private pension,quintile,3,461191.4324,
8,Nominal,Owner,Total wealth excl private pension,quintile,4,687605.3004,
8,Nominal,Owner,Total wealth excl private pension,quintile,5,1506297.671,
8,Nominal,Owner,Property wealth,decile,1,83521.16768,
8,Nominal,Owner,Property wealth,decile,2,143081.8972,
8,Nominal,Owner,Property wealth,decile,3,185588.1846,
8,Nominal,Owner,Property wealth,decile,4,226619.3416,
8,Nominal,Owner,Property wealth,decile,5,271775.6489,
8,Nominal,Owner,Property wealth,decile,6,323621.0467,
8,Nominal,Owner,Property wealth,decile,7,389112.8873,
8,Nominal,Owner,Property wealth,decile,8,483200.407,
8,Nominal,Owner,Property wealth,decile,9,655788.2793,
8,Nominal,Owner,Property wealth,decile,10,1240665.833,
8,Nominal,Owner,Property wealth,quintile,1,113319.9792,
8,Nominal,Owner,Property wealth,quintile,2,206098.1089,
8,Nominal,Owner,Property wealth,quintile,3,297782.1906,
8,Nominal,Owner,Property wealth,quintile,4,436162.0181,
8,Nominal,Owner,Property wealth,quintile,5,947815.5365,
8,Nominal,Owner,Financial wealth,decile,1,1520.994347,
8,Nominal,Owner,Financial wealth,decile,2,8073.572251,
8,Nominal,Owner,Financial wealth,decile,3,18344.13977,
8,Nominal,Owner,Financial wealth,decile,4,32890.91951,
8,Nominal,Owner,Financial wealth,decile,5,51035.80094,
8,Nominal,Owner,Financial wealth,decile,6,76900.91653,
8,Nominal,Owner,Financial wealth,decile,7,110630.8627,
8,Nominal,Owner,Financial wealth,decile,8,174351.3678,
8,Nominal,Owner,Financial wealth,decile,9,273397.0275,
8,Nominal,Owner,Financial wealth,decile,10,826074.1652,
8,Nominal,Owner,Financial wealth,quintile,1,4796.032832,
8,Nominal,Owner,Financial wealth,quintile,2,25566.96318,
8,Nominal,Owner,Financial wealth,quintile,3,63950.45376,
8,Nominal,Owner,Financial wealth,quintile,4,142423.6605,
8,Nominal,Owner,Financial wealth,quintile,5,549566.4674,
8,Nominal,Owner,Private pension wealth,decile,1,0,
8,Nominal,Owner,Private pension wealth,decile,2,21165.47553,
8,Nominal,Owner,Private pension wealth,decile,3,68578.10224,
8,Nominal,Owner,Private pension wealth,decile,4,122730.1856,
8,Nominal,Owner,Private pension wealth,decile,5,180956.2593,
8,Nominal,Owner,Private pension wealth,decile,6,247201.865,
8,Nominal,Owner,Private pension wealth,decile,7,323759.9068,
8,Nominal,Owner,Private pension wealth,decile,8,430435.1915,
8,Nominal,Owner,Private pension wealth,decile,9,587405.486,
8,Nominal,Owner,Private pension wealth,decile,10,1181239.776,
8,Nominal,Owner,Private pension wealth,quintile,1,10492.38865,
8,Nominal,Owner,Private pension wealth,quintile,2,95366.539,
8,Nominal,Owner,Private pension wealth,quintile,3,214077.8892,
8,Nominal,Owner,Private pension wealth,quintile,4,377247.9205,
8,Nominal,Owner,Private pension wealth,quintile,5,884199.2404,
8,Nominal,Owner,Physical wealth,decile,1,13344.53406,
8,Nominal,Owner,Physical wealth,decile,2,25486.17362,
8,Nominal,Owner,Physical wealth,decile,3,35425.26715,
8,Nominal,Owner,Physical wealth,decile,4,45115.72242,
8,Nominal,Owner,Physical wealth,decile,5,54197.43759,
8,Nominal,Owner,Physical wealth,decile,6,64752.36091,
8,Nominal,Owner,Physical wealth,decile,7,74180.17372,
8,Nominal,Owner,Physical wealth,decile,8,90480.68954,
8,Nominal,Owner,Physical wealth,decile,9,115256.6111,
8,Nominal,Owner,Physical wealth,decile,10,229019.4407,
8,Nominal,Owner,Physical wealth,quintile,1,19490.68356,
8,Nominal,Owner,Physical wealth,quintile,2,40286.80128,
8,Nominal,Owner,Physical wealth,quintile,3,59483.09728,
8,Nominal,Owner,Physical wealth,quintile,4,82331.38969,
8,Nominal,Owner,Physical wealth,quintile,5,171969.3359,
8,March 2022 prices,Owner,Total wealth,decile,1," £182,921 ",41.62433664
8,March 2022 prices,Owner,Total wealth,decile,2," £320,398 ",25.03388056
8,March 2022 prices,Owner,Total wealth,decile,3," £435,895 ",22.14967067
8,March 2022 prices,Owner,Total wealth,decile,4," £533,157 ",19.08959241
8,March 2022 prices,Owner,Total wealth,decile,5," £649,364 ",14.97966146
8,March 2022 prices,Owner,Total wealth,decile,6," £787,026 ",11.39945471
8,March 2022 prices,Owner,Total wealth,decile,7," £963,564 ",9.128233503
8,March 2022 prices,Owner,Total wealth,decile,8," £1,195,318 ",7.380531745
8,March 2022 prices,Owner,Total wealth,decile,9," £1,556,606 ",5.807023435
8,March 2022 prices,Owner,Total wealth,decile,10," £2,839,219 ",3.436250657
8,March 2022 prices,Owner,Total wealth,quintile,1,251882.7118,29.15337268
8,March 2022 prices,Owner,Total wealth,quintile,2,484556.6902,20.15979236
8,March 2022 prices,Owner,Total wealth,quintile,3,718092.6927,12.70483661
8,March 2022 prices,Owner,Total wealth,quintile,4,1078432.635,8.06508178
8,March 2022 prices,Owner,Total wealth,quintile,5,2193670.783,4.020514513
8,March 2022 prices,Owner,Total wealth excl private pension,decile,1,135632.281,
8,March 2022 prices,Owner,Total wealth excl private pension,decile,2,221885.7052,
8,March 2022 prices,Owner,Total wealth excl private pension,decile,3,285212.7167,
8,March 2022 prices,Owner,Total wealth excl private pension,decile,4,350955.2604,
8,March 2022 prices,Owner,Total wealth excl private pension,decile,5,419563.2764,
8,March 2022 prices,Owner,Total wealth excl private pension,decile,6,503107.9541,
8,March 2022 prices,Owner,Total wealth excl private pension,decile,7,610529.0784,
8,March 2022 prices,Owner,Total wealth excl private pension,decile,8,763024.7422,
8,March 2022 prices,Owner,Total wealth excl private pension,decile,9,1038312.68,
8,March 2022 prices,Owner,Total wealth excl private pension,decile,10,1974600.674,
8,March 2022 prices,Owner,Total wealth excl private pension,quintile,1,179037.1352,
8,March 2022 prices,Owner,Total wealth excl private pension,quintile,2,317935.1791,
8,March 2022 prices,Owner,Total wealth excl private pension,quintile,3,461191.4324,
8,March 2022 prices,Owner,Total wealth excl private pension,quintile,4,687605.3004,
8,March 2022 prices,Owner,Total wealth excl private pension,quintile,5,1506297.671,
8,March 2022 prices,Owner,Property wealth,decile,1,83521.16768,
8,March 2022 prices,Owner,Property wealth,decile,2,143081.8972,
8,March 2022 prices,Owner,Property wealth,decile,3,185588.1846,
8,March 2022 prices,Owner,Property wealth,decile,4,226619.3416,
8,March 2022 prices,Owner,Property wealth,decile,5,271775.6489,
8,March 2022 prices,Owner,Property wealth,decile,6,323621.0467,
8,March 2022 prices,Owner,Property wealth,decile,7,389112.8873,
8,March 2022 prices,Owner,Property wealth,decile,8,483200.407,
8,March 2022 prices,Owner,Property wealth,decile,9,655788.2793,
8,March 2022 prices,Owner,Property wealth,decile,10,1240665.833,
8,March 2022 prices,Owner,Property wealth,quintile,1,113319.9792,
8,March 2022 prices,Owner,Property wealth,quintile,2,206098.1089,
8,March 2022 prices,Owner,Property wealth,quintile,3,297782.1906,
8,March 2022 prices,Owner,Property wealth,quintile,4,436162.0181,
8,March 2022 prices,Owner,Property wealth,quintile,5,947815.5365,
8,March 2022 prices,Owner,Financial wealth,decile,1,1520.994347,
8,March 2022 prices,Owner,Financial wealth,decile,2,8073.572251,
8,March 2022 prices,Owner,Financial wealth,decile,3,18344.13977,
8,March 2022 prices,Owner,Financial wealth,decile,4,32890.91951,
8,March 2022 prices,Owner,Financial wealth,decile,5,51035.80094,
8,March 2022 prices,Owner,Financial wealth,decile,6,76900.91653,
8,March 2022 prices,Owner,Financial wealth,decile,7,110630.8627,
8,March 2022 prices,Owner,Financial wealth,decile,8,174351.3678,
8,March 2022 prices,Owner,Financial wealth,decile,9,273397.0275,
8,March 2022 prices,Owner,Financial wealth,decile,10,826074.1652,
8,March 2022 prices,Owner,Financial wealth,quintile,1,4796.032832,
8,March 2022 prices,Owner,Financial wealth,quintile,2,25566.96318,
8,March 2022 prices,Owner,Financial wealth,quintile,3,63950.45376,
8,March 2022 prices,Owner,Financial wealth,quintile,4,142423.6605,
8,March 2022 prices,Owner,Financial wealth,quintile,5,549566.4674,
8,March 2022 prices,Owner,Private pension wealth,decile,1,0,
8,March 2022 prices,Owner,Private pension wealth,decile,2,21165.47553,
8,March 2022 prices,Owner,Private pension wealth,decile,3,68578.10224,
8,March 2022 prices,Owner,Private pension wealth,decile,4,122730.1856,
8,March 2022 prices,Owner,Private pension wealth,decile,5,180956.2593,
8,March 2022 prices,Owner,Private pension wealth,decile,6,247201.865,
8,March 2022 prices,Owner,Private pension wealth,decile,7,323759.9068,
8,March 2022 prices,Owner,Private pension wealth,decile,8,430435.1915,
8,March 2022 prices,Owner,Private pension wealth,decile,9,587405.486,
8,March 2022 prices,Owner,Private pension wealth,decile,10,1181239.776,
8,March 2022 prices,Owner,Private pension wealth,quintile,1,10492.38865,
8,March 2022 prices,Owner,Private pension wealth,quintile,2,95366.539,
8,March 2022 prices,Owner,Private pension wealth,quintile,3,214077.8892,
8,March 2022 prices,Owner,Private pension wealth,quintile,4,377247.9205,
8,March 2022 prices,Owner,Private pension wealth,quintile,5,884199.2404,
8,March 2022 prices,Owner,Physical wealth,decile,1,13344.53406,
8,March 2022 prices,Owner,Physical wealth,decile,2,25486.17362,
8,March 2022 prices,Owner,Physical wealth,decile,3,35425.26715,
8,March 2022 prices,Owner,Physical wealth,decile,4,45115.72242,
8,March 2022 prices,Owner,Physical wealth,decile,5,54197.43759,
8,March 2022 prices,Owner,Physical wealth,decile,6,64752.36091,
8,March 2022 prices,Owner,Physical wealth,decile,7,74180.17372,
8,March 2022 prices,Owner,Physical wealth,decile,8,90480.68954,
8,March 2022 prices,Owner,Physical wealth,decile,9,115256.6111,
8,March 2022 prices,Owner,Physical wealth,decile,10,229019.4407,
8,March 2022 prices,Owner,Physical wealth,quintile,1,19490.68356,
8,March 2022 prices,Owner,Physical wealth,quintile,2,40286.80128,
8,March 2022 prices,Owner,Physical wealth,quintile,3,59483.09728,
8,March 2022 prices,Owner,Physical wealth,quintile,4,82331.38969,
8,March 2022 prices,Owner,Physical wealth,quintile,5,171969.3359,
8,Nominal,Renter,Total wealth,decile,1,4394.563684,
8,Nominal,Renter,Total wealth,decile,2,12798.58951,
8,Nominal,Renter,Total wealth,decile,3,19679.50842,
8,Nominal,Renter,Total wealth,decile,4,27929.19409,
8,Nominal,Renter,Total wealth,decile,5,43349.73696,
8,Nominal,Renter,Total wealth,decile,6,69040.64449,
8,Nominal,Renter,Total wealth,decile,7,105558.6958,
8,Nominal,Renter,Total wealth,decile,8,161955.4959,
8,Nominal,Renter,Total wealth,decile,9,268055.7189,
8,Nominal,Renter,Total wealth,decile,10,826254.7839,
8,Nominal,Renter,Total wealth,quintile,1,8639.91671,
8,Nominal,Renter,Total wealth,quintile,2,24035.79767,
8,Nominal,Renter,Total wealth,quintile,3,56521.20645,
8,Nominal,Renter,Total wealth,quintile,4,133716.2678,
8,Nominal,Renter,Total wealth,quintile,5,545619.4166,
8,Nominal,Renter,Total wealth excl private pension,decile,1,2173.731514,
8,Nominal,Renter,Total wealth excl private pension,decile,2,8345.547995,
8,Nominal,Renter,Total wealth excl private pension,decile,3,13449.61298,
8,Nominal,Renter,Total wealth excl private pension,decile,4,16940.73023,
8,Nominal,Renter,Total wealth excl private pension,decile,5,23075.60487,
8,Nominal,Renter,Total wealth excl private pension,decile,6,29853.86194,
8,Nominal,Renter,Total wealth excl private pension,decile,7,39250.08795,
8,Nominal,Renter,Total wealth excl private pension,decile,8,50157.85505,
8,Nominal,Renter,Total wealth excl private pension,decile,9,78125.59246,
8,Nominal,Renter,Total wealth excl private pension,decile,10,430878.9415,
8,Nominal,Renter,Total wealth excl private pension,quintile,1,5306.403242,
8,Nominal,Renter,Total wealth excl private pension,quintile,2,15194.83449,
8,Nominal,Renter,Total wealth excl private pension,quintile,3,26332.42232,
8,Nominal,Renter,Total wealth excl private pension,quintile,4,44705.12477,
8,Nominal,Renter,Total wealth excl private pension,quintile,5,253926.2445,
8,Nominal,Renter,Property wealth,decile,1,0,
8,Nominal,Renter,Property wealth,decile,2,0,
8,Nominal,Renter,Property wealth,decile,3,0,
8,Nominal,Renter,Property wealth,decile,4,0,
8,Nominal,Renter,Property wealth,decile,5,0,
8,Nominal,Renter,Property wealth,decile,6,0,
8,Nominal,Renter,Property wealth,decile,7,0,
8,Nominal,Renter,Property wealth,decile,8,0,
8,Nominal,Renter,Property wealth,decile,9,0,
8,Nominal,Renter,Property wealth,decile,10,197537.9732,
8,Nominal,Renter,Property wealth,quintile,1,0,
8,Nominal,Renter,Property wealth,quintile,2,0,
8,Nominal,Renter,Property wealth,quintile,3,0,
8,Nominal,Renter,Property wealth,quintile,4,0,
8,Nominal,Renter,Property wealth,quintile,5,98433.13443,
8,Nominal,Renter,Financial wealth,decile,1,36.86031537,
8,Nominal,Renter,Financial wealth,decile,2,287.3668591,
8,Nominal,Renter,Financial wealth,decile,3,677.1806482,
8,Nominal,Renter,Financial wealth,decile,4,1205.757289,
8,Nominal,Renter,Financial wealth,decile,5,2150.114667,
8,Nominal,Renter,Financial wealth,decile,6,3588.310461,
8,Nominal,Renter,Financial wealth,decile,7,6795.4356,
8,Nominal,Renter,Financial wealth,decile,8,13280.09389,
8,Nominal,Renter,Financial wealth,decile,9,31169.14419,
8,Nominal,Renter,Financial wealth,decile,10,165684.7563,
8,Nominal,Renter,Financial wealth,quintile,1,167.3200841,
8,Nominal,Renter,Financial wealth,quintile,2,937.799538,
8,Nominal,Renter,Financial wealth,quintile,3,2857.061583,
8,Nominal,Renter,Financial wealth,quintile,4,10018.01419,
8,Nominal,Renter,Financial wealth,quintile,5,99732.8354,
8,Nominal,Renter,Private pension wealth,decile,1,0,
8,Nominal,Renter,Private pension wealth,decile,2,0,
8,Nominal,Renter,Private pension wealth,decile,3,0,
8,Nominal,Renter,Private pension wealth,decile,4,10.14311438,
8,Nominal,Renter,Private pension wealth,decile,5,6135.797642,
8,Nominal,Renter,Private pension wealth,decile,6,27115.80191,
8,Nominal,Renter,Private pension wealth,decile,7,58585.94017,
8,Nominal,Renter,Private pension wealth,decile,8,104830.282,
8,Nominal,Renter,Private pension wealth,decile,9,194630.0704,
8,Nominal,Renter,Private pension wealth,decile,10,459429.9008,
8,Nominal,Renter,Private pension wealth,quintile,1,0,
8,Nominal,Renter,Private pension wealth,quintile,2,4.953517091,
8,Nominal,Renter,Private pension wealth,quintile,3,16795.7057,
8,Nominal,Renter,Private pension wealth,quintile,4,82056.47436,
8,Nominal,Renter,Private pension wealth,quintile,5,327663.4566,
8,Nominal,Renter,Physical wealth,decile,1,2722.667331,
8,Nominal,Renter,Physical wealth,decile,2,7022.562786,
8,Nominal,Renter,Physical wealth,decile,3,8873.079109,
8,Nominal,Renter,Physical wealth,decile,4,14915.85703,
8,Nominal,Renter,Physical wealth,decile,5,15616.53129,
8,Nominal,Renter,Physical wealth,decile,6,21795.48579,
8,Nominal,Renter,Physical wealth,decile,7,27217.68991,
8,Nominal,Renter,Physical wealth,decile,8,36777.45172,
8,Nominal,Renter,Physical wealth,decile,9,47150.33648,
8,Nominal,Renter,Physical wealth,decile,10,99019.64897,
8,Nominal,Renter,Physical wealth,quintile,1,4950.964177,
8,Nominal,Renter,Physical wealth,quintile,2,11861.86651,
8,Nominal,Renter,Physical wealth,quintile,3,18749.78553,
8,Nominal,Renter,Physical wealth,quintile,4,31949.44078,
8,Nominal,Renter,Physical wealth,quintile,5,72954.04156,
8,March 2022 prices,Renter,Total wealth,decile,1,4394.563684,
8,March 2022 prices,Renter,Total wealth,decile,2,12798.58951,
8,March 2022 prices,Renter,Total wealth,decile,3,19679.50842,
8,March 2022 prices,Renter,Total wealth,decile,4,27929.19409,
8,March 2022 prices,Renter,Total wealth,decile,5,43349.73696,
8,March 2022 prices,Renter,Total wealth,decile,6,69040.64449,
8,March 2022 prices,Renter,Total wealth,decile,7,105558.6958,
8,March 2022 prices,Renter,Total wealth,decile,8,161955.4959,
8,March 2022 prices,Renter,Total wealth,decile,9,268055.7189,
8,March 2022 prices,Renter,Total wealth,decile,10,826254.7839,
8,March 2022 prices,Renter,Total wealth,quintile,1,8639.91671,
8,March 2022 prices,Renter,Total wealth,quintile,2,24035.79767,
8,March 2022 prices,Renter,Total wealth,quintile,3,56521.20645,
8,March 2022 prices,Renter,Total wealth,quintile,4,133716.2678,
8,March 2022 prices,Renter,Total wealth,quintile,5,545619.4166,
8,March 2022 prices,Renter,Total wealth excl private pension,decile,1,2173.731514,
8,March 2022 prices,Renter,Total wealth excl private pension,decile,2,8345.547995,
8,March 2022 prices,Renter,Total wealth excl private pension,decile,3,13449.61298,
8,March 2022 prices,Renter,Total wealth excl private pension,decile,4,16940.73023,
8,March 2022 prices,Renter,Total wealth excl private pension,decile,5,23075.60487,
8,March 2022 prices,Renter,Total wealth excl private pension,decile,6,29853.86194,
8,March 2022 prices,Renter,Total wealth excl private pension,decile,7,39250.08795,
8,March 2022 prices,Renter,Total wealth excl private pension,decile,8,50157.85505,
8,March 2022 prices,Renter,Total wealth excl private pension,decile,9,78125.59246,
8,March 2022 prices,Renter,Total wealth excl private pension,decile,10,430878.9415,
8,March 2022 prices,Renter,Total wealth excl private pension,quintile,1,5306.403242,
8,March 2022 prices,Renter,Total wealth excl private pension,quintile,2,15194.83449,
8,March 2022 prices,Renter,Total wealth excl private pension,quintile,3,26332.42232,
8,March 2022 prices,Renter,Total wealth excl private pension,quintile,4,44705.12477,
8,March 2022 prices,Renter,Total wealth excl private pension,quintile,5,253926.2445,
8,March 2022 prices,Renter,Property wealth,decile,1,0,
8,March 2022 prices,Renter,Property wealth,decile,2,0,
8,March 2022 prices,Renter,Property wealth,decile,3,0,
8,March 2022 prices,Renter,Property wealth,decile,4,0,
8,March 2022 prices,Renter,Property wealth,decile,5,0,
8,March 2022 prices,Renter,Property wealth,decile,6,0,
8,March 2022 prices,Renter,Property wealth,decile,7,0,
8,March 2022 prices,Renter,Property wealth,decile,8,0,
8,March 2022 prices,Renter,Property wealth,decile,9,0,
8,March 2022 prices,Renter,Property wealth,decile,10,197537.9732,
8,March 2022 prices,Renter,Property wealth,quintile,1,0,
8,March 2022 prices,Renter,Property wealth,quintile,2,0,
8,March 2022 prices,Renter,Property wealth,quintile,3,0,
8,March 2022 prices,Renter,Property wealth,quintile,4,0,
8,March 2022 prices,Renter,Property wealth,quintile,5,98433.13443,
8,March 2022 prices,Renter,Financial wealth,decile,1,36.86031537,
8,March 2022 prices,Renter,Financial wealth,decile,2,287.3668591,
8,March 2022 prices,Renter,Financial wealth,decile,3,677.1806482,
8,March 2022 prices,Renter,Financial wealth,decile,4,1205.757289,
8,March 2022 prices,Renter,Financial wealth,decile,5,2150.114667,
8,March 2022 prices,Renter,Financial wealth,decile,6,3588.310461,
8,March 2022 prices,Renter,Financial wealth,decile,7,6795.4356,
8,March 2022 prices,Renter,Financial wealth,decile,8,13280.09389,
8,March 2022 prices,Renter,Financial wealth,decile,9,31169.14419,
8,March 2022 prices,Renter,Financial wealth,decile,10,165684.7563,
8,March 2022 prices,Renter,Financial wealth,quintile,1,167.3200841,
8,March 2022 prices,Renter,Financial wealth,quintile,2,937.799538,
8,March 2022 prices,Renter,Financial wealth,quintile,3,2857.061583,
8,March 2022 prices,Renter,Financial wealth,quintile,4,10018.01419,
8,March 2022 prices,Renter,Financial wealth,quintile,5,99732.8354,
8,March 2022 prices,Renter,Private pension wealth,decile,1,0,
8,March 2022 prices,Renter,Private pension wealth,decile,2,0,
8,March 2022 prices,Renter,Private pension wealth,decile,3,0,
8,March 2022 prices,Renter,Private pension wealth,decile,4,10.14311438,
8,March 2022 prices,Renter,Private pension wealth,decile,5,6135.797642,
8,March 2022 prices,Renter,Private pension wealth,decile,6,27115.80191,
8,March 2022 prices,Renter,Private pension wealth,decile,7,58585.94017,
8,March 2022 prices,Renter,Private pension wealth,decile,8,104830.282,
8,March 2022 prices,Renter,Private pension wealth,decile,9,194630.0704,
8,March 2022 prices,Renter,Private pension wealth,decile,10,459429.9008,
8,March 2022 prices,Renter,Private pension wealth,quintile,1,0,
8,March 2022 prices,Renter,Private pension wealth,quintile,2,4.953517091,
8,March 2022 prices,Renter,Private pension wealth,quintile,3,16795.7057,
8,March 2022 prices,Renter,Private pension wealth,quintile,4,82056.47436,
8,March 2022 prices,Renter,Private pension wealth,quintile,5,327663.4566,
8,March 2022 prices,Renter,Physical wealth,decile,1,2722.667331,
8,March 2022 prices,Renter,Physical wealth,decile,2,7022.562786,
8,March 2022 prices,Renter,Physical wealth,decile,3,8873.079109,
8,March 2022 prices,Renter,Physical wealth,decile,4,14915.85703,
8,March 2022 prices,Renter,Physical wealth,decile,5,15616.53129,
8,March 2022 prices,Renter,Physical wealth,decile,6,21795.48579,
8,March 2022 prices,Renter,Physical wealth,decile,7,27217.68991,
8,March 2022 prices,Renter,Physical wealth,decile,8,36777.45172,
8,March 2022 prices,Renter,Physical wealth,decile,9,47150.33648,
8,March 2022 prices,Renter,Physical wealth,decile,10,99019.64897,
8,March 2022 prices,Renter,Physical wealth,quintile,1,4950.964177,
8,March 2022 prices,Renter,Physical wealth,quintile,2,11861.86651,
8,March 2022 prices,Renter,Physical wealth,quintile,3,18749.78553,
8,March 2022 prices,Renter,Physical wealth,quintile,4,31949.44078,
8,March 2022 prices,Renter,Physical wealth,quintile,5,72954.04156,
